time,username,tweet,company,sentiment_of_tweet,confidence_of_sentiment,date
1486283785,Sajivdhawan,"JVCS TREND: We Long in NIFTY
AMBUJACEM
DLF
HEROMOTOCO
HINDALCO 
JETAIRWAYS
SBIN
TATACHEM
TVS MOTOR
IDBI
JINDALSTEEL
LT
TATASTEEL
&amp;
RELINFRA",Hero,NULL,NULL,2/3/2017 6:24
1486283785,ScanstockIn,"Bearish pattern emerged on Thu, 2 Feb 2017 for Market NSE: 
BAJAJHLDNG
ASIANPAINT
GAIL
HDFCBANK
HEROMOTOCO
#ScanstockUpdate",Hero,NULL,NULL,2/2/2017 11:32
1486283785,leosat31,RT @TV_TradingIdeas: Bullish on Heromotocorp $HEROMOTOCO https://t.co/oepkgQE8aG,Hero,NULL,NULL,2/2/2017 11:04
1486283785,TV_TradingIdeas,Bullish on Heromotocorp $HEROMOTOCO https://t.co/oepkgQE8aG,Hero,NULL,NULL,2/2/2017 10:55
1486283785,SharekhanVasai,"STOCKS FOR THE DAY AND ACTION

HEROMOTOCO Hero Motocorp has reported sales of 487,088 units for the month of... https://t.co/4NfvjVKOzZ",Hero,NULL,NULL,2/2/2017 4:23
1486283785,RS8868,"New post in #ELIXIR-NSE/NFO#: RS:
WATCHLIST

MARUTI
PIDILITIND
TATAGLOBAL
M&amp;M
TATAMOTORS
DISHMANPHARMA
HEROMOTOCO
… https://t.co/3XfhhD0JaE",Hero,NULL,NULL,2/2/2017 3:39
1486283785,nse_live,"#Nifty50 #TopLosers
HEROMOTOCO -1.12%
INFRATEL -0.46%
TATAMOTORS -0.39%
LUPIN -0.35%
HINDALCO -0.33%",Hero,NULL,NULL,2/2/2017 3:36
1486283785,BSE_News,"HEROMOTOCO - HERO MOTOCORP CLOCKS 487,088 UNIT SALES IN JANUARY 2017 https://t.co/zzOGfP5qOh",Hero,NULL,NULL,2/2/2017 2:10
1486283785,RS8868,"New post in #ELIXIR-NSE/NFO#: KSCL TGT INTACT 500

TECHM TGT 440-430 (Today ALSO MOVE 455 TO 448)

HEROMOTOCO 3300… https://t.co/c5KgR9v1MH",Hero,NULL,NULL,2/1/2017 3:58
1486283785,IndianMarketIGM,Book Loss in MRF &amp; HEROMOTOCO Net Loss -600 INR Traded Date : 07.12.2016 &amp; 18.01.2017,Hero,NULL,NULL,1/30/2017 8:33
1486283785,nse_live,"#Nifty50 #TopLosers
TATAMTRDVR -1.86%
HINDALCO -1.57%
HEROMOTOCO -1.43%
TATASTEEL -1.4%
WIPRO -1.35%",Hero,NULL,NULL,1/30/2017 4:57
1486284003,AshutoshDh,"RT @danish1199: @Hero_Cycles @AshutoshDh https://t.co/Niunty8CdL??",Hero,NULL,NULL,2/4/2017 18:49
1486284003,danish1199,"@Hero_Cycles @AshutoshDh https://t.co/Niunty8CdL??",Hero,NULL,NULL,2/4/2017 18:43
1486284003,Hero_Cycles,A promising talent who is yet to play his 1st pro wrestlin fight. specializes in Wushu martial art &amp; is very danger… https://t.co/czx5b7Gg9J,Hero,NULL,NULL,2/4/2017 15:42
1486284004,Hero_Cycles,RT @TaniaLove_FBs: @FaulknerBrowns' world-class Olympic gold medal factory @N_CyclingCentre Manchester has a new neighbour that builds 1in2…,Hero,NULL,NULL,2/4/2017 15:37
1486284004,GillColgan,RT @ghanshyamn: India's Hero Cycles invests £2m in Manchester: https://t.co/ApeDaunxvz,Hero,NULL,NULL,2/4/2017 14:28
1486284004,BuyerInfo,Batman Hot Wheels Hero Cycles Track Car https://t.co/8EnDfXNuTJ #figuresandplaysets #hotwheels #transportationtraffic,Hero,NULL,NULL,2/4/2017 12:26
1486284004,Hero_Cycles,RT @MIDAS_MCR: Catch the world's largest bike manufacturer @Hero_Cycles explaining why they choose Manchester on @BBCNWT https://t.co/gEKQp…,Hero,NULL,NULL,2/4/2017 10:08
1486284004,Hero_Cycles,RT @ChamberInt_Team: Global bike #mfr @Hero_Cycles unveils £2m Man design centre https://t.co/yycNompw8X #NPowerhouse #ExportSuccess https:…,Hero,NULL,NULL,2/4/2017 10:08
1486284004,CDO_Insights,"RT @DiwakarPuri7: Sanjay Jorapur, CHRO, Hero MotoCorp addressing the gathering at National Summit on 'Leading transformation of organizatio…",Hero,NULL,NULL,2/4/2017 9:28
1486284004,GrahakSuraksha,"Hero Motocorp Complaint - Hero splendor Engine Problem - https://t.co/bh8Kg2xU5V
Be social. Share this complaint with others.",Hero,NULL,NULL,2/4/2017 7:49
1486284004,gosporto_in,RT @thesportswave: Watch the live stream of Silver Cup Final between Hero Motocorp &amp; Reckitt! https://t.co/Ghf7RnD1kZ,Hero,NULL,NULL,2/4/2017 7:49
1486284004,nceejay,RT @thesportswave: Watch the live stream of Silver Cup Final between Hero Motocorp &amp; Reckitt! https://t.co/Ghf7RnD1kZ,Hero,NULL,NULL,2/4/2017 7:49
1486284004,thesportswave,Watch the live stream of Silver Cup Final between Hero Motocorp &amp; Reckitt! https://t.co/Ghf7RnD1kZ,Hero,NULL,NULL,2/4/2017 7:48
1486284009,DiwakarPuri7,"RT @DiwakarPuri7: Sanjay Jorapur, CHRO, Hero MotoCorp addressing the gathering at National Summit on 'Leading transformation of organizatio…",Hero,NULL,NULL,2/4/2017 7:07
1486284009,DiwakarPuri7,"Sanjay Jorapur, CHRO, Hero MotoCorp addressing the gathering at National Summit on 'Leading transformation of organ… https://t.co/bZMisImCDl",Hero,NULL,NULL,2/4/2017 7:02
1486284009,IBNMoney_com,"RT @JohnReedz Stocks in news: Sona Koyo, Hero MotoCorp https://t.co/Q9RggGOBLI #Markets",Hero,NULL,NULL,2/4/2017 7:00
1486284009,JohnReedz,"Stocks in news: Sona Koyo, Hero MotoCorp https://t.co/GpGToqIETl #Markets",Hero,NULL,NULL,2/4/2017 7:00
1486284009,XMEN100002,"RT @mauriciomacri: Recibí a Pawan Munjal, el director ejecutivo de Hero Motocorp, la compañía líder mundial en la fabricación de motociclet…",Hero,NULL,NULL,2/4/2017 1:11
1486284009,desipixer,HERO MOTOCORP ADDS TO THE FESTIVE JOY IN CHENNAI WITH ITS NEW SCOOTERS https://t.co/p9Mr1qDo07 https://t.co/mB29JqCPsG,Hero,NULL,NULL,2/3/2017 19:12
1486284009,premnatalie89,We believe the expected measures to reduce tax liability for individuals may provide a much-needed boost to the cons https://t.co/T1S2hYpnRA,Hero,NULL,NULL,2/3/2017 18:06
1486284009,mustafamoti,"https://t.co/eGoDYAVA5u
#honda #herohonda #karizma #superbikes #bikes #herohondakarizma #militrygreen @HeroMotoCorp @HeroHonda",Hero,NULL,NULL,2/3/2017 17:19
1486284009,SU5610,"RT @mauriciomacri: Recibí a Pawan Munjal, el director ejecutivo de Hero Motocorp, la compañía líder mundial en la fabricación de motociclet…",Hero,NULL,NULL,2/3/2017 15:19
1486284009,ChamberInt_Team,Global bike #mfr @Hero_Cycles unveils £2m Man design centre https://t.co/yycNompw8X #NPowerhouse #ExportSuccess… https://t.co/tHmXtGsykG,Hero,NULL,NULL,2/3/2017 11:15
1486284009,mbr247,RT @MIDAS_MCR: Catch the world's largest bike manufacturer @Hero_Cycles explaining why they choose Manchester on @BBCNWT https://t.co/gEKQp…,Hero,NULL,NULL,2/3/2017 10:06
1486284009,1818Farajm,"RT @HeroMotoCorp: Mr. Pawan Munjal, Chairman, Managing Director &amp; CEO, Hero MotoCorp with new Hero #Glamour https://t.co/kNxwIRRZN7",Hero,NULL,NULL,2/3/2017 9:52
1486284009,MarianSudbury,Manchester is a great location for this venture  @Hero_Cycles @tradegovuk https://t.co/4ws52BCMXA,Hero,NULL,NULL,2/3/2017 9:46
1486284009,GES_Forex,Hero MotoCorp - Daily chart technical analysis. https://t.co/jxoLPz8R4U $HROM $Nifty #stocks,Hero,NULL,NULL,2/3/2017 9:45
1486284009,NicolaRParry,RT @MIDAS_MCR: Hear what our CEO has to say on @BBCNWT tonight about @Hero_Cycles landing in #Manchester https://t.co/zVhbiHKdl3,Hero,NULL,NULL,2/3/2017 9:39
1486284014,MIDAS_MCR,Catch the world's largest bike manufacturer @Hero_Cycles explaining why they choose Manchester on @BBCNWT… https://t.co/ageVZC26DC,Hero,NULL,NULL,2/3/2017 9:24
1486284015,BalwanInsan6,RT @moneycontrolcom: Hero MotoCorp sales dip 13.53% in January https://t.co/hAqJjFHdcA https://t.co/mfcVJMYeak,Hero,NULL,NULL,2/3/2017 8:38
1486284015,sahilagrahari98,Hy @iavneetkaur you looking very beautiful in #hero MotoCorp  ads...,Hero,NULL,NULL,2/3/2017 8:21
1486284015,hl_law,RT @MIDAS_MCR: Hear what our CEO has to say on @BBCNWT tonight about @Hero_Cycles landing in #Manchester https://t.co/zVhbiHKdl3,Hero,NULL,NULL,2/3/2017 7:58
1486284015,Sajivdhawan,"JVCS TREND: We Long in NIFTY
AMBUJACEM
DLF
HEROMOTOCO
HINDALCO 
JETAIRWAYS
SBIN
TATACHEM
TVS MOTOR
IDBI
JINDALSTEEL
LT
TATASTEEL
&amp;
RELINFRA",Hero,NULL,NULL,2/3/2017 6:24
1486284015,PROMO_ACCIAIO,Hero MotoCorp January sales down steelguru #SteelGuru Link: https://t.co/GPwK9eTvW0,Hero,NULL,NULL,2/3/2017 5:31
1486284015,steelguru,Hero MotoCorp January sales down @steelguru #SteelGuru Link: https://t.co/7bXAcruowS,Hero,NULL,NULL,2/3/2017 5:27
1486284015,equitybulls,"Hero MotoCorp Ltd clocks 487,088 unit sales in January 2017 https://t.co/lbbJMg5mdM",Hero,NULL,NULL,2/3/2017 3:42
1486284015,srlambda,@Hero_Cycles @UTBikes Ignore the hubless design but this is a bit of what I wanted to make for you guys. Get the UT… https://t.co/8Pw7akMbtP,Hero,NULL,NULL,2/3/2017 2:30
1486284015,anish_insha,RT @HeroMotoCorp: The Institute of Directors conferred the Golden Peacock Award for HR Excellence to Hero MotoCorp. The team receiving the…,Hero,NULL,NULL,2/3/2017 2:25
1486284015,vermiciouskid,@kennethkorri cool. I will! I know it inspired Sibelius etc. Have u checked out the Irsh hero-cycles?  @DrNightdub @boerneaj,Hero,NULL,NULL,2/3/2017 0:02
1486284015,fitzmadrid,"Anti-hero Cycles, an all veteran motorcycle shop, and the Phoenix Wounded Veteran Run filled the back of the KUPD... https://t.co/maDbKzBTkS",Hero,NULL,NULL,2/2/2017 23:37
1486284015,Mattjbaker01,@Hero_Cycles welcome to Manchester ?,Hero,NULL,NULL,2/2/2017 22:45
1486284015,joanneeahmed,RT @ghanshyamn: @MIDAS_CEO being interviewed by BBC Northwest @Hero_Cycles design centre about the investment in the city https://t.co/5uyz…,Hero,NULL,NULL,2/2/2017 22:41
1486284015,WordLinkECON,"Brokerages' top picks post Budget: Maruti, HUL, Hero MotoCorp, Lamp;T #economy https://t.co/yNvaN0oPmp https://t.co/U8lZguUYNy",Hero,NULL,NULL,2/2/2017 22:36
1486284017,EDA_Dance,RT @ghanshyamn: At @Hero_Cycles design with @Pmunjal62Munjal being interviewed by #BBC https://t.co/kVbedIP0h2,Hero,NULL,NULL,2/2/2017 22:08
1486284017,paulwhitcroft,RT @ghanshyamn: At @Hero_Cycles design with @Pmunjal62Munjal being interviewed by #BBC https://t.co/kVbedIP0h2,Hero,NULL,NULL,2/2/2017 22:01
1486284017,JacquelyneKraft,"RT @aiknewsnetwork: Nifty reclaims 8300, Sensex climbs; IT stocks sulk on visa issue
GAIL, Sun Pharma, Hero MotoCorp, HDFC Bank and NTPC ar…",Hero,NULL,NULL,2/2/2017 20:01
1486284017,MaveEvans,"Great story on @BBCNWT about @Hero_Cycles coming to Manchester from India, good luck in the North West, happy peddling ??",Hero,NULL,NULL,2/2/2017 18:51
1486284017,BC_Rec_NW,"@Hero_Cycles - great to hear your story on @BBCNWT - wishing you a warm welcome to #Manchester, 'The Home of British Cycling'.",Hero,NULL,NULL,2/2/2017 18:51
1486284017,Kashmir4India,Hero MotoCorp sales dip 13.53% in January https://t.co/wL1AqvUAKf #kashmirtelegraph #business,Hero,NULL,NULL,2/2/2017 18:32
1486284018,nasirmobeen2,"Hero MotoCorp sales dip 13.53% in January https://t.co/MdZsWNIZk1

NEW DELHI, Feb 2:  Hero MotoCorp Ltd (HMCL) today reported 13.53 per ce…",Hero,NULL,NULL,2/2/2017 18:32
1486284018,InvGurInd,"#HeroMotoCorp reports sale of 487,088 units in #January 2017

https://t.co/1jHME1OMPN 

#AutoSector #StockMarket https://t.co/2qr5k2HlNA",Hero,NULL,NULL,2/2/2017 17:25
1486284018,RjvThiruvangad,"Brokerages' top picks post Budget
: Maruti, HUL, Hero MotoCorp, L&amp;T: https://t.co/qPBgKM8eZ5",Hero,NULL,NULL,2/2/2017 16:20
1486284018,ghanshyamn,RT @PrideInAviation: @ghanshyamn @Pmunjal62Munjal @MIDAS_MCR @Hero_Cycles Great news. ? Thanks for believing in Manchester. Best wishes for…,Hero,NULL,NULL,2/2/2017 16:18
1486284018,FantasticAndy,RT @ghanshyamn: At @Hero_Cycles design with @Pmunjal62Munjal being interviewed by #BBC https://t.co/kVbedIP0h2,Hero,NULL,NULL,2/2/2017 15:10
1486284018,sanjeevnitoday,नोटबंदी के बाद हीरो मोटोकॉर्प की बिक्री सुधरी https://t.co/akfbHoDiMP,Hero,NULL,NULL,2/2/2017 15:02
1486284018,vineet_saraswat,Hero MotoCorp sales dip 13.53% in January https://t.co/WiaNilvZQb,Hero,NULL,NULL,2/2/2017 14:48
1486284022,Hero_Cycles,RT @ghanshyamn: At @Hero_Cycles design with @Pmunjal62Munjal being interviewed by #BBC https://t.co/kVbedIP0h2,Hero,NULL,NULL,2/2/2017 14:24
1486284022,Hero_Cycles,RT @MIDAS_MCR: Hear what our CEO has to say on @BBCNWT tonight about @Hero_Cycles landing in #Manchester https://t.co/zVhbiHKdl3,Hero,NULL,NULL,2/2/2017 14:24
1486284022,Hero_Cycles,RT @ghanshyamn: @MIDAS_CEO being interviewed by BBC Northwest @Hero_Cycles design centre about the investment in the city https://t.co/5uyz…,Hero,NULL,NULL,2/2/2017 14:24
1486284022,Hero_Cycles,RT @OurMcrForum: Global bike manufacturer unveils £2m Manchester design centre. @Hero_Cycles https://t.co/DtT1RE8K2h,Hero,NULL,NULL,2/2/2017 14:23
1486284022,Hero_Cycles,RT @PrideInAviation: @ghanshyamn @Pmunjal62Munjal @MIDAS_MCR @Hero_Cycles Great news. ? Thanks for believing in Manchester. Best wishes for…,Hero,NULL,NULL,2/2/2017 14:23
1486284022,Hero_Cycles,RT @BydandLegal: .@Hero_Cycles opens £2m global design centre in #Manchester - via @bsindia: https://t.co/ppyRs7rEJC #ManchesterBusiness,Hero,NULL,NULL,2/2/2017 14:23
1486284022,BydandLegal,.@Hero_Cycles opens £2m global design centre in #Manchester - via @bsindia: https://t.co/ppyRs7rEJC #ManchesterBusiness,Hero,NULL,NULL,2/2/2017 14:20
1486284022,PrideInAviation,@ghanshyamn @Pmunjal62Munjal @MIDAS_MCR @Hero_Cycles Great news. ? Thanks for believing in Manchester. Best wishes for your company,Hero,NULL,NULL,2/2/2017 13:43
1486284023,LOGIEinINDIA,RT @ghanshyamn: At @Hero_Cycles design with @Pmunjal62Munjal being interviewed by #BBC https://t.co/kVbedIP0h2,Hero,NULL,NULL,2/2/2017 12:44
1486284023,indian24news,Hero MotoCorp Sales Dip 13.5% In January https://t.co/2G9lCXfOcN #news #Business https://t.co/2Y81OUQ5A8,Hero,NULL,NULL,2/2/2017 12:40
1486284023,GitaKrishnankut,RT @ghanshyamn: At @Hero_Cycles design with @Pmunjal62Munjal being interviewed by #BBC https://t.co/kVbedIP0h2,Hero,NULL,NULL,2/2/2017 12:22
1486284023,stockmarketpuls,"Brokerages' top picks post Budget: Maruti, HUL, Hero MotoCorp, L&amp;amp;T https://t.co/VgfKixISVJ",Hero,NULL,NULL,2/2/2017 12:15
1486284023,MIDAS_MCR,RT @ghanshyamn: @MIDAS_CEO being interviewed by BBC Northwest @Hero_Cycles design centre about the investment in the city https://t.co/5uyz…,Hero,NULL,NULL,2/2/2017 12:03
1486284023,OurMcrForum,Global bike manufacturer unveils £2m Manchester design centre. @Hero_Cycles https://t.co/DtT1RE8K2h,Hero,NULL,NULL,2/2/2017 11:56
1486284023,ghanshyamn,@MIDAS_CEO being interviewed by BBC Northwest @Hero_Cycles design centre about the investment in the city https://t.co/5uyzJ85mJP,Hero,NULL,NULL,2/2/2017 11:52
1486284027,MIDAS_MCR,Hear what our CEO has to say on @BBCNWT tonight about @Hero_Cycles landing in #Manchester https://t.co/zVhbiHKdl3,Hero,NULL,NULL,2/2/2017 11:47
1486284027,ghanshyamn,At @Hero_Cycles design with @Pmunjal62Munjal being interviewed by #BBC https://t.co/kVbedIP0h2,Hero,NULL,NULL,2/2/2017 11:37
1486284027,ScanstockIn,"Bearish pattern emerged on Thu, 2 Feb 2017 for Market NSE: 
BAJAJHLDNG
ASIANPAINT
GAIL
HDFCBANK
HEROMOTOCO
#ScanstockUpdate",Hero,NULL,NULL,2/2/2017 11:32
1486284027,businessline,"Brokerages' top picks post Budget: Maruti, HUL, Hero MotoCorp, L&amp;T https://t.co/O7T4cvOo0Q",Hero,NULL,NULL,2/2/2017 11:04
1486284027,leosat31,RT @TV_TradingIdeas: Bullish on Heromotocorp $HEROMOTOCO https://t.co/oepkgQE8aG,Hero,NULL,NULL,2/2/2017 11:04
1486284027,TV_TradingIdeas,Bullish on Heromotocorp $HEROMOTOCO https://t.co/oepkgQE8aG,Hero,NULL,NULL,2/2/2017 10:55
1486284027,isumitksinha,Hero MotoCorp sales dip 13.53% in January https://t.co/Hu2LaNvff0,Hero,NULL,NULL,2/2/2017 10:35
1486284027,Zeal4Dealsindia,Hero Cycles minimum 24% off from Rs. 2184 – FlipKart https://t.co/m8EhUcLpgd https://t.co/F6eBCXv4Aj,Hero,NULL,NULL,2/2/2017 10:02
1486284027,VaruniET,RT @ETAuto: ETAuto | Hero MotoCorp sales down 14% in January 2017 https://t.co/uVTXjQkC8g,Hero,NULL,NULL,2/2/2017 9:42
1486284027,PrashantaGuha,ETAuto | Hero MotoCorp sales down 14% in January 2017 https://t.co/sXKvJuZ7gv,Hero,NULL,NULL,2/2/2017 9:30
1486284028,jais_george,ETAuto | Hero MotoCorp sales down 14% in January 2017 https://t.co/72nMwkLnzL,Hero,NULL,NULL,2/2/2017 9:30
1486284028,ETAuto,ETAuto | Hero MotoCorp sales down 14% in January 2017 https://t.co/uVTXjQkC8g,Hero,NULL,NULL,2/2/2017 9:30
1486284028,nishant_shastry,Hero MotoCorp sales dip 13.53% in January https://t.co/XKnmaGwNSz,Hero,NULL,NULL,2/2/2017 9:27
1486284028,livemint,Hero MotoCorp sales dip 13.53% in January https://t.co/tOZd1cPtKG,Hero,NULL,NULL,2/2/2017 9:24
1486284031,kumarherobaroda,RT @HeroMotoCorp: The Institute of Directors conferred the Golden Peacock Award for HR Excellence to Hero MotoCorp. The team receiving the…,Hero,NULL,NULL,2/2/2017 9:01
1486284031,IndianCorpNews,#Business #NDTV Hero MotoCorp Sales Dip 13.5% In January https://t.co/paeJkTMbn9,Hero,NULL,NULL,2/2/2017 8:39
1486284031,Amy____Jones,Hero MotoCorp Sales Dip 13.5% In January https://t.co/7VKKNY5V49,Hero,NULL,NULL,2/2/2017 8:33
1486284032,vishalgaurav79,Hero MotoCorp Sales Dip 13.5% In January https://t.co/2kNspyrjT0,Hero,NULL,NULL,2/2/2017 8:30
1486284032,SinghVeejay,Hero MotoCorp Sales Dip 13.5% In January https://t.co/Q0rLptwwFy https://t.co/Hz0Gdls4sX,Hero,NULL,NULL,2/2/2017 8:29
1486284032,indiavspk,Hero MotoCorp Sales Dip 13.5% In January https://t.co/7MfXYUMcCe https://t.co/QaeKxDL9vg,Hero,NULL,NULL,2/2/2017 8:29
1486284032,ashishtripatiit,Hero MotoCorp Sales Dip 13.5% In January https://t.co/Buj0MpsRnc https://t.co/c0fPynOneV,Hero,NULL,NULL,2/2/2017 8:29
1486284032,kellyjoshi,Hero MotoCorp Sales Dip 13.5% In January https://t.co/Sx5ltz3pAs https://t.co/roDz5XQOF5,Hero,NULL,NULL,2/2/2017 8:29
1486284032,IqabalFaisal,Hero MotoCorp Sales Dip 13.5% In January https://t.co/Gf3B133Rjp https://t.co/Amw7PYmI6S,Hero,NULL,NULL,2/2/2017 8:29
1486284032,malayalam_live,"https://t.co/EKEQl3XnhQ ◄ Hero Passion Pro i3S launched at Rs 50,955►

Hero MotoCorp has launched the new Passion Pro i3S with an updated …",Hero,NULL,NULL,2/2/2017 8:16
1486284032,NDTVProfit,"Hero MotoCorp Sales Dip 13.5% In January
https://t.co/zQdKEWfzKm",Hero,NULL,NULL,2/2/2017 8:15
1486284032,ExpertJobsOrg,Hero Motocorp Recruitment 2017 Job Openings For Freshers More: https://t.co/OsWWRD3dum,Hero,NULL,NULL,2/2/2017 8:00
1486284036,RAJKUMARINDIA1,"RT @deepakshenoy: Hero MotoCorp Sales Contracts At 13.5%, Shortfall Of 76,000 Units Year-On-Year https://t.co/VdYYarQKiH",Hero,NULL,NULL,2/2/2017 7:56
1486284036,deepakshenoy,"Hero MotoCorp Sales Contracts At 13.5%, Shortfall Of 76,000 Units Year-On-Year https://t.co/VdYYarQKiH",Hero,NULL,NULL,2/2/2017 7:56
1486284036,jenkers_en,Hero #MotoCorp sales dip 13.53% in January https://t.co/9wwEVhUzOD https://t.co/pNUhfOsX1S,Hero,NULL,NULL,2/2/2017 7:48
1486284036,IndianCorpNews,Hero MotoCorp sales dip 13.53% in January https://t.co/7wAiUjeREm #India,Hero,NULL,NULL,2/2/2017 7:11
1486284036,retaillending,Hero MotoCorp sales dip 13.53% in January https://t.co/9BB1gW0Caz,Hero,NULL,NULL,2/2/2017 7:09
1486284036,Puneetvizh,Hero MotoCorp sales dip 13.53 per cent in January https://t.co/gsl0Y4RDQM,Hero,NULL,NULL,2/2/2017 7:06
1486284036,RkIndolia,Hero MotoCorp sales dip 13.53% in January https://t.co/bJHYBmLwSV,Hero,NULL,NULL,2/2/2017 7:05
1486284036,inlivetoday,"Sales of #HeroMotoCorp Ltd dip 13.53% in January
https://t.co/3U85MoDLJH",Hero,NULL,NULL,2/2/2017 6:49
1486284036,PrudentBroking,"Hero MotoCorp sales dip 13.53% in January
#PrudentUpdates",Hero,NULL,NULL,2/2/2017 6:36
1486284036,anandrawaniCFA,"@monikahalan Hero Motocorp sales down ~14%, Bajaj Auto domestic sales down 15%",Hero,NULL,NULL,2/2/2017 6:34
1486284036,ZyiteGadgets,Hero MotoCorp sales dip 13.53% in January - Hero MotoCorp Ltd (HMCL) today reported 13.53 per cent dip in its t... https://t.co/fLe0t8Gxuv,Hero,NULL,NULL,2/2/2017 6:33
1486284036,AficionadoYash,Hero MotoCorp sales dip 13.53% in January,Hero,NULL,NULL,2/2/2017 6:29
1486284036,nishant_shastry,Hero MotoCorp sales dip 13.53% in January https://t.co/QeSU6Vg0QG https://t.co/CS4Vx61lsX,Hero,NULL,NULL,2/2/2017 6:29
1486284036,saiyed19918006,RT @moneycontrolcom: Hero MotoCorp sales dip 13.53% in January https://t.co/hAqJjFHdcA https://t.co/mfcVJMYeak,Hero,NULL,NULL,2/2/2017 6:27
1486284040,moneycontrolcom,Hero MotoCorp sales dip 13.53% in January https://t.co/hAqJjFHdcA https://t.co/mfcVJMYeak,Hero,NULL,NULL,2/2/2017 6:25
1486284040,Wallstreets_edg,"Stocks in news: Sona Koyo, Hero MotoCorp -  https://t.co/003TSTXkl9 https://t.co/NT0ceKG1Sx",Hero,NULL,NULL,2/2/2017 6:19
1486284040,stockmarketpuls,"Buy Hero MotoCorp, target Rs 3400 : Siddharth Bhamre",Hero,NULL,NULL,2/2/2017 5:58
1486284040,InvGurInd,"#HeroMotoCorp reports sale of 487,088 units in #January 2017
https://t.co/1jHME1OMPN
#AutoSector #StockMarket https://t.co/gLMtl9OrVt",Hero,NULL,NULL,2/2/2017 5:58
1486284040,fdlx_com,"#news #Stocks Radar: Tata Motors, Hero MotoCorp, Sugar Stocks And More #business #fdlx",Hero,NULL,NULL,2/2/2017 4:51
1486284040,SHCILServices,Hero MotoCorp was down 0.67%. The company's sales fell 13.53% to 4.87 lakh units in January 2017 over January 2016.,Hero,NULL,NULL,2/2/2017 4:48
1486284040,indiancommodity,"Hero MotoCorp, Dishman Pharmaceuticals and Tata Motors to see some action today https://t.co/qPDhUaTQJE",Hero,NULL,NULL,2/2/2017 4:46
1486284040,IIFL_Live,"Hero MotoCorp releases Jan sales numbers
https://t.co/R5vAKTITFq",Hero,NULL,NULL,2/2/2017 4:44
1486284040,ROMEET_,"Buy Hero MotoCorp, target Rs 3400 : Siddharth Bhamre",Hero,NULL,NULL,2/2/2017 4:31
1486284040,sanjayduddupudi,"Buy Hero MotoCorp, target Rs 3400 : Siddharth Bhamre: Buy Hero MotoCorp Ltd. at a price target of Rs 3400 and a stop loss at Rs 3220 from…",Hero,NULL,NULL,2/2/2017 4:28
1486284041,SharekhanVasai,"STOCKS FOR THE DAY AND ACTION

HEROMOTOCO Hero Motocorp has reported sales of 487,088 units for the month of... https://t.co/4NfvjVKOzZ",Hero,NULL,NULL,2/2/2017 4:23
1486284041,STOCKSTIPS,"Buy Hero MotoCorp, target Rs 3400 : Siddharth Bhamre #stocks #tips #bse",Hero,NULL,NULL,2/2/2017 4:03
1486284041,Hero_Cycles,@aquibusmani85 Sir your cycle has been serviced 3 times in the last 1 year by our team.,Hero,NULL,NULL,2/2/2017 3:45
1486284041,RS8868,"New post in #ELIXIR-NSE/NFO#: RS:
WATCHLIST

MARUTI
PIDILITIND
TATAGLOBAL
M&amp;M
TATAMOTORS
DISHMANPHARMA
HEROMOTOCO
… https://t.co/3XfhhD0JaE",Hero,NULL,NULL,2/2/2017 3:39
1486284043,nse_live,"#Nifty50 #TopLosers
HEROMOTOCO -1.12%
INFRATEL -0.46%
TATAMOTORS -0.39%
LUPIN -0.35%
HINDALCO -0.33%",Hero,NULL,NULL,2/2/2017 3:36
1486284043,VIDZSKY,"Stocks in news: Sona Koyo, Hero MotoCorp #video https://t.co/shq5t0NBf8 https://t.co/05K3SSlLfS",Hero,NULL,NULL,2/2/2017 3:26
1486284043,WordLinkVIDEO,"Stocks in news: Sona Koyo, Hero MotoCorp #video https://t.co/TO7Uv6Cz8b https://t.co/41wlD2v0dT",Hero,NULL,NULL,2/2/2017 3:24
1486284043,videosbro,"Stocks in news: Sona Koyo, Hero MotoCorp #video https://t.co/LjLU6q5WUN https://t.co/rFGcKRIfc8",Hero,NULL,NULL,2/2/2017 3:18
1486284043,sajeetkm,"RT @BloombergQuint: #BQStocks | The stocks that need to be your radar today.
https://t.co/AnjIh4ZaLx https://t.co/egBzMfEmje",Hero,NULL,NULL,2/2/2017 3:07
1486284043,BloombergQuint,"#BQStocks | The stocks that need to be your radar today.
https://t.co/AnjIh4ZaLx https://t.co/egBzMfEmje",Hero,NULL,NULL,2/2/2017 2:45
1486284044,LatestNewzIndia,Hero Motocorp sells 4.87 lakh units in January 2017 https://t.co/7Trgds6vqk #news #india #stock,Hero,NULL,NULL,2/2/2017 2:45
1486284044,ENG_feed,"RT @BQLive: Global bike manufacturer @Hero_Cycles unveils £2m #Manchester design centre...

https://t.co/aLjdNDPduL https://t.co/3mwUV0Ike3",Hero,NULL,NULL,2/2/2017 2:37
1486284044,umm_vegetarian,RT @UKinIndia: .@Hero_Cycles invests 2 million pounds to start a Global Design Centre in #UK https://t.co/ftHLFEMYgI (via @BT_India) #Inves…,Hero,NULL,NULL,2/2/2017 2:26
1486284044,umm_vegetarian,"RT @BQLive: Global bike manufacturer @Hero_Cycles unveils £2m #Manchester design centre...

https://t.co/aLjdNDPduL https://t.co/3mwUV0Ike3",Hero,NULL,NULL,2/2/2017 2:25
1486284044,BSE_News,"HEROMOTOCO - HERO MOTOCORP CLOCKS 487,088 UNIT SALES IN JANUARY 2017 https://t.co/zzOGfP5qOh",Hero,NULL,NULL,2/2/2017 2:10
1486284044,DinoPercyBarle7,"RT @mauriciomacri: Recibí a Pawan Munjal, el director ejecutivo de Hero Motocorp, la compañía líder mundial en la fabricación de motociclet…",Hero,NULL,NULL,2/1/2017 23:53
1486284044,Skullguard_Moto,"RT @ElFinanciero_Mx: #Opinión De Jefes: En México las ventas de motos crecen a doble dígito, y la india Hero MotoCorp quiere aprovecharlo h…",Hero,NULL,NULL,2/1/2017 19:51
1486284044,khalidNBT,"'While thr hasn't been major announcement in #Budget2017, thr hv bn some progressive small steps : Pankaj Munjal, Chairman &amp; MD, Hero Cycles",Hero,NULL,NULL,2/1/2017 14:21
1486284044,kunwarprithvi1,"RT @IndiaCityBlog: Industry is still not well prepared for GST; expect job creation to be the theme of #Budget2017 
- Sunil Munjal, Hero Mo…",Hero,NULL,NULL,2/1/2017 13:39
1486284046,nandinisgTOI,"Budget impact.Pankaj Munjal, Chairman &amp; MD, Hero Cycles said slashing of corporate tax on MSME &amp; liberalising FDI policy are positives",Hero,NULL,NULL,2/1/2017 13:10
1486284046,NewsStoryIndia,"Auto shares rally; M&amp;M, Maruti Suzuki up 5%: M&amp;M, Maruti Suzuki, Tata Motors, Hero MotoCorp, Eicher Motors and TVS… https://t.co/qOLivZdMQw",Hero,NULL,NULL,2/1/2017 11:52
1486284046,SparkBStrategy,"Auto shares rally; M&amp;M, Maruti Suzuki up 5%: M&amp;M, Maruti Suzuki, Tata Motors, Hero MotoCorp, Eicher Motors and TVS…… https://t.co/3lJCMSjANb",Hero,NULL,NULL,2/1/2017 11:41
1486284047,mw569256,"M&amp;M, Maruti Suzuki, Tata Motors, Hero MotoCorp, Eicher Motors and TVS Motor Company were up 2% to 5%Auto shares ra… https://t.co/WykyafaJxO",Hero,NULL,NULL,2/1/2017 10:32
1486284047,3NovicesChennai,"#3Novices : Auto shares rally;  M&amp;M, Maruti Suzuki up 5% https://t.co/l8dkZB6iCd M&amp;M, Maruti Suzuki, Tata Motors, Hero MotoCorp, Eicher Mo…",Hero,NULL,NULL,2/1/2017 10:14
1486284047,Power_Of_Hold,@Hero_Cycles yes may be,Hero,NULL,NULL,2/1/2017 10:11
1486284047,Hero_Cycles,"Would you cycle to work if you were paid for it? 

#herocycles #whatstoppingyou https://t.co/cJJ7dbcpxk",Hero,NULL,NULL,2/1/2017 10:10
1486284047,aquibusmani85,@Hero_Cycles sir gear problem hai os ki baat kr rha ho more then 1yr ho gaya complain ko ap solve nhi kr rhai hai s… https://t.co/UDeX0XEvaR,Hero,NULL,NULL,2/1/2017 9:48
1486284047,Hero_Cycles,RT @BLOnCampus: Pedalling away to global acclaim @Hero_Cycles https://t.co/uCHDqL20vZ #MalathySriram #BrandBasics https://t.co/UaFraxnwtB,Hero,NULL,NULL,2/1/2017 9:15
1486284047,Hero_Cycles,@aquibusmani85 In our knowledge your cycle was serviced 3 times in last 6 months. You also need to take care of your cycle and service it.,Hero,NULL,NULL,2/1/2017 8:23
1486284047,cjrsaaketa,"Companies with higher rural exposure include HindUnilever, Colgate, Dabur, Hero Motocorp, TVS Motor and M&amp;M https://t.co/qNzgUNKrXz",Hero,NULL,NULL,2/1/2017 6:26
1486284047,claraloveyou58,"RT @CNBCTV18News: Sunil Munjal, Jt MD, Hero Motocorp to @ShereenBhan: Industry is still not prepared for #GST. https://t.co/RMam8qx05j",Hero,NULL,NULL,2/1/2017 5:20
1486284047,m0nkeyub,"RT @CNBCTV18News: Sunil Munjal, Jt MD, Hero Motocorp to @ShereenBhan: Industry is still not prepared for #GST. https://t.co/RMam8qx05j",Hero,NULL,NULL,2/1/2017 5:12
1486284047,IndiaCityBlog,"Industry is still not well prepared for GST; expect job creation to be the theme of #Budget2017 
- Sunil Munjal, Hero MotoCorp",Hero,NULL,NULL,2/1/2017 5:10
1486284051,AnshuSharma02,"RT @CNBCTV18News: Sunil Munjal, Jt MD, Hero Motocorp to @ShereenBhan: Industry is still not prepared for #GST. https://t.co/RMam8qx05j",Hero,NULL,NULL,2/1/2017 5:08
1486284051,FollowCII,"RT @CNBCTV18News: Sunil Munjal, Jt MD, Hero Motocorp to @ShereenBhan: Industry is still not prepared for #GST. https://t.co/RMam8qx05j",Hero,NULL,NULL,2/1/2017 5:06
1486284052,CNBCTV18News,"Sunil Munjal, Jt MD, Hero Motocorp to @ShereenBhan: Industry is still not prepared for #GST. https://t.co/RMam8qx05j",Hero,NULL,NULL,2/1/2017 5:04
1486284052,RS8868,"New post in #ELIXIR-NSE/NFO#: KSCL TGT INTACT 500

TECHM TGT 440-430 (Today ALSO MOVE 455 TO 448)

HEROMOTOCO 3300… https://t.co/c5KgR9v1MH",Hero,NULL,NULL,2/1/2017 3:58
1486284052,OTTETeHealthTM,"RT @IndiaToday: Govt can get involved in infrastructure which requires huge investments: Sunil Kant Munjal, Joint MD, Hero Motocorp
#Modino…",Hero,NULL,NULL,2/1/2017 2:47
1486284052,Braj_Mahalawat,RT @HeroMotoCorp: The Institute of Directors conferred the Golden Peacock Award for HR Excellence to Hero MotoCorp. The team receiving the…,Hero,NULL,NULL,2/1/2017 2:15
1486284052,sivishal,RT @HeroMotoCorp: The Institute of Directors conferred the Golden Peacock Award for HR Excellence to Hero MotoCorp. The team receiving the…,Hero,NULL,NULL,2/1/2017 0:52
1486284052,Hero_Cycles,https://t.co/YA2NxcQIYd,Hero,NULL,NULL,1/31/2017 16:55
1486284052,GitaKrishnankut,RT @UKinIndia: .@Hero_Cycles invests 2 million pounds to start a Global Design Centre in #UK https://t.co/ftHLFEMYgI (via @BT_India) #Inves…,Hero,NULL,NULL,1/31/2017 15:35
1486284052,bharatendukabi,"RT @HIO_2017: Mr. J Narain, Hero MotoCorp on stage now, says Indian golf has never been in such good shape #HIO2017 @HeroMotoCorp",Hero,NULL,NULL,1/31/2017 15:00
1486284052,BLOnCampus,Pedalling away to global acclaim @Hero_Cycles https://t.co/uCHDqL20vZ #MalathySriram #BrandBasics https://t.co/UaFraxnwtB,Hero,NULL,NULL,1/31/2017 13:45
1486284052,attul_yadav,RT @HeroMotoCorp: The Institute of Directors conferred the Golden Peacock Award for HR Excellence to Hero MotoCorp. The team receiving the…,Hero,NULL,NULL,1/31/2017 13:43
1486284052,Hero_Cycles,https://t.co/Dd6L7W19Me,Hero,NULL,NULL,1/31/2017 12:51
1486284052,Motoroids_India,"2017 #HeroMotoCorp #MaestroEdge Brochure Leaked Ahead of Launch:
https://t.co/09gl7mMOwi https://t.co/ulWLQEBS8D",Hero,NULL,NULL,1/31/2017 12:37
1486284052,Aditya_7114,"2017 #HeroMotoCorp #MaestroEdge Brochure Leaked Ahead of Launch:
https://t.co/SoENdyJLnB https://t.co/psSrHE0Cc4",Hero,NULL,NULL,1/31/2017 12:37
1486284056,CrystalUKI,Hero Cycles opens global design centre in Manchester https://t.co/aivlJ9Io50,Hero,NULL,NULL,1/31/2017 12:30
1486284056,nyaho_geso,RT @DesignRolik2020: 2017 Hero MotoCorp Maestro Edge Brochure Leaked Ahead of Launch - https://t.co/CA9uJqQT2S https://t.co/WN2vrF144L,Hero,NULL,NULL,1/31/2017 12:29
1486284056,DesignRolik2020,2017 Hero MotoCorp Maestro Edge Brochure Leaked Ahead of Launch - https://t.co/CA9uJqQT2S https://t.co/WN2vrF144L,Hero,NULL,NULL,1/31/2017 12:08
1486284056,babu4478,RT @HeroMotoCorp: The Institute of Directors conferred the Golden Peacock Award for HR Excellence to Hero MotoCorp. The team receiving the…,Hero,NULL,NULL,1/31/2017 10:34
1486284056,amitchhangani,2017 #HeroMotoCorp Maestro Edge Brochure Leaked Ahead of Launch https://t.co/3zWKVjuj6S,Hero,NULL,NULL,1/31/2017 8:53
1486284056,poisoned_heart,2017 Hero MotoCorp Maestro Edge Brochure Leaked Ahead of Launch https://t.co/3ybxeIzjXm,Hero,NULL,NULL,1/31/2017 8:53
1486284056,UoTNfcfbooTeLDK,"RT @BhagirathYogi: In India, u get status if u drive car. In London, it is more prestigious to own a good bicycle: Pankaj Munjal, CMD, Hero…",Hero,NULL,NULL,1/31/2017 8:49
1486284056,Hero_Cycles,"Next destination #Darjeeling :)

#herocycles #whatstoppingyou https://t.co/uvQc1xemqE",Hero,NULL,NULL,1/31/2017 8:35
1486284056,Motoroids_India,2017 #HeroMotoCorp Maestro Edge Brochure Leaked Ahead of Launch https://t.co/28s5UjcDjT https://t.co/px0IwWWMdR,Hero,NULL,NULL,1/31/2017 8:32
1486284056,ativirz,"#CARS #News #hero #Hero_MotoCorp 2017 Hero Passion Pro i3s BS IV launched in India at Rs 55,121… https://t.co/L83czVf1pI",Hero,NULL,NULL,1/31/2017 8:27
1486284056,DiwakarPuri7,RT @HeroMotoCorp: The Institute of Directors conferred the Golden Peacock Award for HR Excellence to Hero MotoCorp. The team receiving the…,Hero,NULL,NULL,1/31/2017 7:40
1486284056,VishalSports123,"RT @HIO_2017: Mr. J Narain, Hero MotoCorp on stage now, says Indian golf has never been in such good shape #HIO2017 @HeroMotoCorp",Hero,NULL,NULL,1/31/2017 7:08
1486284056,HIO_2017,"Mr. J Narain, Hero MotoCorp on stage now, says Indian golf has never been in such good shape #HIO2017 @HeroMotoCorp",Hero,NULL,NULL,1/31/2017 7:08
1486284056,Hero_Cycles,@aquibusmani85 Let us check again and get back.,Hero,NULL,NULL,1/31/2017 6:13
1486284056,sanjayjorapur,RT @HeroMotoCorp: The Institute of Directors conferred the Golden Peacock Award for HR Excellence to Hero MotoCorp. The team receiving the…,Hero,NULL,NULL,1/31/2017 6:10
1486284061,retweet_nepal1,"RT @jumpingcrow1: .The world's largest car manufacturing company is Toyota Motors, JAPAN.
.The world's biggest manufacturer of bicycles is…",Hero,NULL,NULL,1/31/2017 5:05
1486284061,madhulika_s,#LegendaryPrecisionSalutesIndia #RepublicDay @Nissan https://t.co/m2InSEm5xr,Hero,NULL,NULL,1/31/2017 4:59
1486284061,sanjay_yashraj,RT @HeroMotoCorp: The Institute of Directors conferred the Golden Peacock Award for HR Excellence to Hero MotoCorp. The team receiving the…,Hero,NULL,NULL,1/31/2017 4:57
1486284061,LOGIEinINDIA,RT @UKinIndia: .@Hero_Cycles invests 2 million pounds to start a Global Design Centre in #UK https://t.co/ftHLFEMYgI (via @BT_India) #Inves…,Hero,NULL,NULL,1/31/2017 3:21
1486284061,autohippie,RT HeroMotoCorp: The Institute of Directors conferred the Golden Peacock Award for HR Excellence to Hero MotoCorp.… https://t.co/JRxatp1zTO,Hero,NULL,NULL,1/31/2017 3:02
1486284061,HeroMotoCorp,The Institute of Directors conferred the Golden Peacock Award for HR Excellence to Hero MotoCorp. The team receivin… https://t.co/G9roXkHMTG,Hero,NULL,NULL,1/31/2017 2:47
1486284061,parjuneeti_b,"RT @ArjunKapoorCafe: Buy @Hero_Cycles Hero RX2&amp;RX1 ltd edition &amp; stand a chance 2meet @arjunk26 ?#whatstoppingyou
https://t.co/PKk3GMkwCs h…",Hero,NULL,NULL,1/31/2017 2:10
1486284061,nalrag,RT @UKinIndia: .@Hero_Cycles invests 2 million pounds to start a Global Design Centre in #UK https://t.co/ftHLFEMYgI (via @BT_India) #Inves…,Hero,NULL,NULL,1/31/2017 0:36
1486284061,jumpingcrow1,".The world's largest car manufacturing company is Toyota Motors, JAPAN.
.The world's biggest manufacturer of bicycles is Hero Cycles, India.",Hero,NULL,NULL,1/30/2017 23:24
1486284061,IanBM,RT @UKinIndia: .@Hero_Cycles invests 2 million pounds to start a Global Design Centre in #UK https://t.co/ftHLFEMYgI (via @BT_India) #Inves…,Hero,NULL,NULL,1/30/2017 21:52
1486284061,NewsInTweetsIn,India Today: Govt can get involved in infrastructure which requires huge investments: Sunil Kant…… https://t.co/huVYWReeGa,Hero,NULL,NULL,1/30/2017 18:03
1486284061,shubhamsavalia,"RT @IndiaToday: Govt can get involved in infrastructure which requires huge investments: Sunil Kant Munjal, Joint MD, Hero Motocorp
#Modino…",Hero,NULL,NULL,1/30/2017 18:00
1486284061,IndiaToday,"Govt can get involved in infrastructure which requires huge investments: Sunil Kant Munjal, Joint MD, Hero Motocorp… https://t.co/9Z1PZ4xiXk",Hero,NULL,NULL,1/30/2017 17:53
1486284061,MIDAS_ICT,RT @ghanshyamn: India's Hero Cycles invests £2m in Manchester: https://t.co/ApeDaunxvz,Hero,NULL,NULL,1/30/2017 13:27
1486284062,aquibusmani85,@Hero_Cycles sir ab tak kuch response nhi mila ap ka services sector say mairai cycle ka liya plz slove my problem my no is 8533047896,Hero,NULL,NULL,1/30/2017 12:27
1486284064,NWExportBritain,#India’s Hero Cycles #Invests £2m in #Manchester-based Global Design Centre https://t.co/qkYKCdgcXN,Hero,NULL,NULL,1/30/2017 11:44
1486284064,RajeshK44030054,@mlkhattar plz sir i want  job in hero motocorp company,Hero,NULL,NULL,1/30/2017 11:17
1486284065,angiefuz,The latest fuz: design in the news! https://t.co/goQ85A0OyO Thanks to @Hero_Cycles @SueFerg12827101 @network_place #design #architecture,Hero,NULL,NULL,1/30/2017 11:16
1486284065,Hero_Cycles,"RT @BQLive: Global bike manufacturer @Hero_Cycles unveils £2m #Manchester design centre...

https://t.co/aLjdNDPduL https://t.co/3mwUV0Ike3",Hero,NULL,NULL,1/30/2017 10:35
1486284065,BQLive,"Global bike manufacturer @Hero_Cycles unveils £2m #Manchester design centre...

https://t.co/aLjdNDPduL https://t.co/3mwUV0Ike3",Hero,NULL,NULL,1/30/2017 9:58
1486284065,Hero_Cycles,https://t.co/SU7WALJXmM,Hero,NULL,NULL,1/30/2017 9:45
1486284065,IndianMarketIGM,Book Loss in MRF &amp; HEROMOTOCO Net Loss -600 INR Traded Date : 07.12.2016 &amp; 18.01.2017,Hero,NULL,NULL,1/30/2017 8:33
1486284065,Hero_Cycles,RT @UKinIndia: .@Hero_Cycles invests 2 million pounds to start a Global Design Centre in #UK https://t.co/ftHLFEMYgI (via @BT_India) #Inves…,Hero,NULL,NULL,1/30/2017 7:01
1486284065,vijinho,RT @UKinIndia: .@Hero_Cycles invests 2 million pounds to start a Global Design Centre in #UK https://t.co/ftHLFEMYgI (via @BT_India) #Inves…,Hero,NULL,NULL,1/30/2017 6:57
1486284065,AnitaMawdsley,RT @UKinIndia: .@Hero_Cycles invests 2 million pounds to start a Global Design Centre in #UK https://t.co/ftHLFEMYgI (via @BT_India) #Inves…,Hero,NULL,NULL,1/30/2017 6:51
1486284065,SNSMT,".@sablaik Sir, what happened to their #MakeInIndia pledge?

Team SNSMT 

cc: @narendramodi @makeinindia 

https://t.co/edzcZ3vBbN",Hero,NULL,NULL,1/30/2017 6:43
1486284065,b_elaine_,RT @UKinIndia: .@Hero_Cycles invests 2 million pounds to start a Global Design Centre in #UK https://t.co/ftHLFEMYgI (via @BT_India) #Inves…,Hero,NULL,NULL,1/30/2017 6:35
1486284065,UKinIndia,.@Hero_Cycles invests 2 million pounds to start a Global Design Centre in #UK https://t.co/ftHLFEMYgI (via… https://t.co/5IlrDNJFDg,Hero,NULL,NULL,1/30/2017 6:34
1486284065,bannedchad,"RT @aiknewsnetwork: Nifty reclaims 8300, Sensex climbs; IT stocks sulk on visa issue
GAIL, Sun Pharma, Hero MotoCorp, HDFC Bank and NTPC ar…",Hero,NULL,NULL,1/30/2017 6:21
1486284066,Hero_Cycles,Mr. @Pmunjal62Munjal featured in @FinancialTimes London as Hero Cycles opens £2m Global Design Centre in Manchester… https://t.co/GAk9uGsbSL,Hero,NULL,NULL,1/30/2017 4:57
1486284067,nse_live,"#Nifty50 #TopLosers
TATAMTRDVR -1.86%
HINDALCO -1.57%
HEROMOTOCO -1.43%
TATASTEEL -1.4%
WIPRO -1.35%",Hero,NULL,NULL,1/30/2017 4:57
1486284067,newstracklive,"Hero Motocorp to launch all-new 'Glamour125' in Argentina
#Hero #Motocorp #launch #Glamour125 https://t.co/rWaz0ty3V3",Hero,NULL,NULL,1/30/2017 4:26
1486284067,Im_aswindpk,RT @cs_santosh22: We're off to race the Desert Storm 2017! Hero MotoCorp Red Bull Sidvin Motorsports RIDE 100% Kenny Equipement,Hero,NULL,NULL,1/30/2017 4:06
1486284067,kifstc,"Opening Bell: #Nifty starts on a flat note, Idea rallies 5%; Hero Motocorp; Wipro down 1% each. #StockMarket",Hero,NULL,NULL,1/30/2017 4:06
1486284067,CNBCBazaar,"OPENING BELL: #Sensex, #Nifty50 start on a flat note; Idea rallies 5%; Hero MotoCorp, Wipro down 1% each.",Hero,NULL,NULL,1/30/2017 3:52
1486284067,Vaishnavibhade,"RT @ETMarkets: OPENING BELL: #Sensex, #Nifty50 start on a flat note; Idea rallies 5%; Hero MotoCorp, Wipro down 1% each.",Hero,NULL,NULL,1/30/2017 3:50
1486284067,nishant_shastry,"ETMarkets: OPENING BELL: #Sensex, #Nifty50 start on a flat note; Idea rallies 5%; Hero MotoCorp, Wipro down 1% each.",Hero,NULL,NULL,1/30/2017 3:48
1486284067,ETCommodities,"OPENING BELL: #Sensex, #Nifty50 start on a flat note; Idea rallies 5%; Hero MotoCorp, Wipro down 1% each.",Hero,NULL,NULL,1/30/2017 3:47
1486284067,ETMarkets,"OPENING BELL: #Sensex, #Nifty50 start on a flat note; Idea rallies 5%; Hero MotoCorp, Wipro down 1% each.",Hero,NULL,NULL,1/30/2017 3:47
