time,username,tweet,company,sentiment_of_tweet,confidence_of_sentiment,date
1489918058,taxtmi,"#excise Bajaj Auto Ltd. Versus Union of India through Secretary, Ministry of Commerce and Industry, Government of… https://t.co/SQHsxlTMfb",Bajaj,NULL,NULL,"2017-03-18 17:34:05"
1489918058,dhanushgopinath,"In which Murali Thummarukudy says he didn't find an Indian in Bogoto, but found a Bajaj Auto &amp; Mahindra pickup. https://t.co/KqUPX4K38r",Bajaj,NULL,NULL,"2017-03-18 17:02:17"
1489918058,lalitntb,"Bajaj auto have not paid a single penny as excise duty till date collected from coustomers @Swamy39",Bajaj,NULL,NULL,"2017-03-18 15:51:50"
1489918059,IndiaTodayNews1,"100 cc bikes is the bicycle of the future: Rajiv Bajaj #auto https://t.co/A5imAGIH0e https://t.co/hu2oh1hahz",Bajaj,NULL,NULL,"2017-03-18 13:30:06"
1489918059,ChaalisChor,"@Roflindian BMWs not to be blamed, but this brand has been associated with such deaths more often than not. Recent one is Bajaj auto,HR head",Bajaj,NULL,NULL,"2017-03-18 07:39:39"
1489918059,ankitgoyat08,"RT @carandbike: #Review: @BajajDominar vs @royalenfield #Himalayan: Which one should you buy? https://t.co/vRncbLPzN3 https://t.co/v6a2q0wK…",Bajaj,NULL,NULL,"2017-03-18 07:00:12"
1489918059,gmpurohit,"@007_Blondie_ @mediacrooks last yr incident involving BMW...hope just coincidence 

https://t.co/8q6ZXSYWwy",Bajaj,NULL,NULL,"2017-03-18 06:46:59"
1489918059,AKSHAYAPintu,"Bajaj to launch new 500 cc motorcycle in India this year https://t.co/ItWqXdRGyg",Bajaj,NULL,NULL,"2017-03-17 23:06:57"
1489918059,HarshalHalde,"Iam very Happy to join Bajaj Auto Ltd. Pune. Because now Iam the part of World's 6th largest 2 Wheeler's manufacturer's.",Bajaj,NULL,NULL,"2017-03-17 17:24:50"
1489918059,KailasP3,"RT @IndiaToday: Bajaj to launch all new 500cc motorcycle in India this year
https://t.co/YYKe6YOvni https://t.co/K6dkfApngF",Bajaj,NULL,NULL,"2017-03-17 15:27:38"
1489918059,indra93040664,"Bajaj to launch a new sub-500 cc motorcycle under Rs 2 lakh in India by June 2017 https://t.co/WtFmvkCI3u",Bajaj,NULL,NULL,"2017-03-17 15:18:58"
1489918059,pintup8,"RT @IndiaToday: Bajaj to launch all new 500cc motorcycle in India this year
https://t.co/YYKe6YOvni https://t.co/K6dkfApngF",Bajaj,NULL,NULL,"2017-03-17 15:04:07"
1489918059,BeingEmraanShah,"RT @IndiaToday: Bajaj to launch all new 500cc motorcycle in India this year
https://t.co/YYKe6YOvni https://t.co/K6dkfApngF",Bajaj,NULL,NULL,"2017-03-17 15:00:47"
1489918059,niravbariya_007,"RT @IndiaToday: Bajaj to launch all new 500cc motorcycle in India this year
https://t.co/YYKe6YOvni https://t.co/K6dkfApngF",Bajaj,NULL,NULL,"2017-03-17 14:57:20"
1489918060,himalayanflame,"RT @carandbike: #Review: @BajajDominar vs @royalenfield #Himalayan: Which one should you buy? https://t.co/vRncbLPzN3 https://t.co/v6a2q0wK…",Bajaj,NULL,NULL,"2017-03-17 14:55:50"
1489918060,autobild1,"Bajaj to launch new 500 cc motorcycle in India this year https://t.co/5YltmckCEr",Bajaj,NULL,NULL,"2017-03-17 14:55:00"
1489918060,autobild1,"Bajaj to launch all new 500cc motorcycle in India this year https://t.co/fnQIYzA5Er",Bajaj,NULL,NULL,"2017-03-17 14:54:46"
1489918060,IndiaToday,"Bajaj to launch all new 500cc motorcycle in India this year
https://t.co/YYKe6YOvni https://t.co/K6dkfApngF",Bajaj,NULL,NULL,"2017-03-17 14:54:28"
1489918060,Mukesh86830404,"I added a video to a @YouTube playlist https://t.co/S1ZHJVVkQG Bajaj Auto has officially Bajaj Dominar 400 launched in Nepal at NPR",Bajaj,NULL,NULL,"2017-03-17 14:02:42"
1489918060,cheku1941,"Buy  Bajaj Auto Ltd, target Rs  3100  :   Rakesh Bansal https://t.co/Kvhc4QrBkC via @economictimes",Bajaj,NULL,NULL,"2017-03-17 13:20:40"
1489918060,arrpitta,"Listing of new debt securities of Bajaj Finance Limited https://t.co/9iuDjaQlv4",Bajaj,NULL,NULL,"2017-03-17 12:49:10"
1489918060,sarveshdamle,"@_anujsinghal infy,upl were given as short. itc long after open, bajaj auto long in closing bell, igl buy all didnt work",Bajaj,NULL,NULL,"2017-03-17 12:27:01"
1489918061,arrpitta,"Listing of new debt securities of Bajaj Finance Limited https://t.co/L2IP8d0G4K",Bajaj,NULL,NULL,"2017-03-17 12:20:07"
1489918061,7squareYards,"RT @IndiaToday: Bajaj to launch new 500 cc motorcycle in India this year
https://t.co/YYKe6YOvni https://t.co/ebz5bdXr4U",Bajaj,NULL,NULL,"2017-03-17 12:12:34"
1489918061,AnmolMangat3922,"RT @IndiaToday: Bajaj to launch new 500 cc motorcycle in India this year
https://t.co/YYKe6YOvni https://t.co/ebz5bdXr4U",Bajaj,NULL,NULL,"2017-03-17 12:09:22"
1489918061,SaurabhSaggi,"RT @IndiaToday: Bajaj to launch new 500 cc motorcycle in India this year
https://t.co/YYKe6YOvni https://t.co/ebz5bdXr4U",Bajaj,NULL,NULL,"2017-03-17 12:09:13"
1489918061,prem01462285,"RT @IndiaToday: Bajaj to launch new 500 cc motorcycle in India this year
https://t.co/YYKe6YOvni https://t.co/ebz5bdXr4U",Bajaj,NULL,NULL,"2017-03-17 12:08:52"
1489918061,autobild1,"Bajaj Auto will launch an all new sub-500cc motorcycle for the Indian market, with a launch slated for sometime... https://t.co/sWxmGq79si",Bajaj,NULL,NULL,"2017-03-17 12:08:44"
1489918061,PratikR2811,"RT @IndiaToday: Bajaj to launch new 500 cc motorcycle in India this year
https://t.co/YYKe6YOvni https://t.co/ebz5bdXr4U",Bajaj,NULL,NULL,"2017-03-17 12:08:24"
1489918062,AUTOTODAYMAG,"RT @IndiaToday: Bajaj to launch new 500 cc motorcycle in India this year
https://t.co/YYKe6YOvni https://t.co/ebz5bdXr4U",Bajaj,NULL,NULL,"2017-03-17 12:08:24"
1489918062,IndiaToday,"Bajaj to launch new 500 cc motorcycle in India this year
https://t.co/YYKe6YOvni https://t.co/ebz5bdXr4U",Bajaj,NULL,NULL,"2017-03-17 12:08:12"
1489918062,steelguru,"Bajaj keen to do a Tesla in India before 2020 @steelguru #SteelGuru Link: https://t.co/QaDZJuergF",Bajaj,NULL,NULL,"2017-03-17 11:21:57"
1489918062,stocksnews9,"Bajaj Finance Limited Updates https://t.co/jGivKgkIli #sensex #nifty",Bajaj,NULL,NULL,"2017-03-17 10:45:14"
1489918062,sharebossindia,"Bajaj Finance Limited - 500034 - Updates https://t.co/0KyI7sJsis #ShareBoss https://t.co/wwyilXBjrO Certification of payment of inter..",Bajaj,NULL,NULL,"2017-03-17 10:40:11"
1489918062,BSE_News,"BAJFINANCE - Updates https://t.co/bkecnEFepM",Bajaj,NULL,NULL,"2017-03-17 10:40:05"
1489918062,ExpressDrives,"@Bajajauto may soon launch a fully-faired version of the #Dominar400 https://t.co/BgueDGrdTD https://t.co/S7rOXqc4vJ",Bajaj,NULL,NULL,"2017-03-17 09:47:00"
1489918062,TechnTricksYT,"Bajaj to launch a new sub-500 cc motorcycle under Rs 2 lakh in India by June 2017 - Financial Express… https://t.co/GN07Z3n29R",Bajaj,NULL,NULL,"2017-03-17 09:36:11"
1489918062,InvGurInd,"#AutoSector Watch - Bajaj Auto down -0.66; TVS Motor up 0.73%; Hero Moto up 0.41%; Eicher Motor down -0.18%… https://t.co/RDTb3SQBfn",Bajaj,NULL,NULL,"2017-03-17 09:33:54"
1489918062,hems_shah,"Q4 adv tax up only arnd 6% (average) FWD
# ICICI 756 cr v/s 1200 cr yoy
# RIL 1664 v/s 2600 cr yoy
# Bajaj Auto 449 cr v/s 575 cr QoQ",Bajaj,NULL,NULL,"2017-03-17 09:16:36"
1489918062,TeChWorlD3207,"Bajaj to launch a new sub-500 cc motorcycle under Rs 2 lakh in India by June 2017 - Financial Express https://t.co/ciTRKybdmz",Bajaj,NULL,NULL,"2017-03-17 08:58:04"
1489918062,bhavik_bhavsar,"Bajaj to launch a new sub-500 cc motorcycle under Rs 2 lakh in India by June 2017 - Financial Express https://t.co/ms3PZ0iLmW #bhavikbhavs…",Bajaj,NULL,NULL,"2017-03-17 08:42:17"
1489918062,qanuj,"Bajaj to launch a new sub-500 cc motorcycle under Rs 2 lakh in India by June 2017 - Financial Express https://t.co/WAnbUH15k1",Bajaj,NULL,NULL,"2017-03-17 08:41:41"
1489918062,yashrajm320,"@STARFAN107 grt.. Keep an eye on Bajaj auto too",Bajaj,NULL,NULL,"2017-03-17 08:41:29"
1489918062,Sag_Mart,"#News  Bajaj Auto Hinted A New Sub-500cc Motorcycle Arrival in India; Will Priced Under Rs 2 Lakh… https://t.co/PgcFhKIiOe",Bajaj,NULL,NULL,"2017-03-17 08:11:41"
1489918063,Nataraj02487541,"RT @carandbike: #Review: @BajajDominar vs @royalenfield #Himalayan: Which one should you buy? https://t.co/vRncbLPzN3 https://t.co/v6a2q0wK…",Bajaj,NULL,NULL,"2017-03-17 07:29:08"
1489918063,NewsBossIndia,"Bajaj to launch a new sub-500 cc motorcycle under Rs 2 lakh in India by June 2017.. https://t.co/qmb5guvh9N",Bajaj,NULL,NULL,"2017-03-17 07:06:44"
1489918063,Bis_Sandeep,"RT carandbike: #Review: BajajDominar vs royalenfield #Himalayan: Which one should you buy? https://t.co/O69YaVEUyq https://t.co/i4Lr7tad2S",Bajaj,NULL,NULL,"2017-03-17 07:01:15"
1489918063,News365247live,"RT @carandbike: #Review: @BajajDominar vs @royalenfield #Himalayan: Which one should you buy? https://t.co/vRncbLPzN3 https://t.co/v6a2q0wK…",Bajaj,NULL,NULL,"2017-03-17 07:00:33"
1489918063,StockViz,"#ADANIPORTS #AUROPHARMA #BAJAJ-AUTO seeing OI spurts... https://t.co/URycvcWVKT https://t.co/3x2cHwiTtO",Bajaj,NULL,NULL,"2017-03-17 06:59:36"
1489918063,ndtv,"RT @carandbike: #Review: @BajajDominar vs @royalenfield #Himalayan: Which one should you buy? https://t.co/vRncbLPzN3 https://t.co/v6a2q0wK…",Bajaj,NULL,NULL,"2017-03-17 06:57:53"
1489918063,carandbike,"#Review: @BajajDominar vs @royalenfield #Himalayan: Which one should you buy? https://t.co/vRncbLPzN3 https://t.co/v6a2q0wKcB",Bajaj,NULL,NULL,"2017-03-17 06:51:04"
1489918063,aman2201786,"RT @FinancialXpress: #Bajaj to launch a new sub-500 cc motorcycle under Rs 2 lakh in India by June 2017 https://t.co/Ck6Mz2HLzz",Bajaj,NULL,NULL,"2017-03-17 06:04:03"
1489918063,giveawaytugz,"Yesterday closing basis some frnds sold bajaj auto can book 35 rs prft. C u after 40 mnts",Bajaj,NULL,NULL,"2017-03-17 06:03:13"
1489918064,giveawaydiyo,"Yesterday closing basis some frnds sold bajaj auto can book 35 rs prft. C u after 40 mnts",Bajaj,NULL,NULL,"2017-03-17 06:00:48"
1489918064,sahneydeepak,"Yesterday closing basis some frnds sold bajaj auto can book 35 rs prft. C u after 40 mnts",Bajaj,NULL,NULL,"2017-03-17 05:59:45"
1489918064,SENTHIL11674,"RT @FinancialXpress: #Bajaj to launch a new sub-500 cc motorcycle under Rs 2 lakh in India by June 2017 https://t.co/Ck6Mz2HLzz",Bajaj,NULL,NULL,"2017-03-17 05:55:34"
1489918064,FinancialXpress,"#Bajaj to launch a new sub-500 cc motorcycle under Rs 2 lakh in India by June 2017 https://t.co/Ck6Mz2HLzz",Bajaj,NULL,NULL,"2017-03-17 05:53:32"
1489918064,sanjayduddupudi,"Buy Bajaj Auto Ltd, target Rs 3100 : Rakesh Bansal: Buy Bajaj Auto Ltd. at a price target of Rs 3100 and a stop loss at Rs 2850 from entry…",Bajaj,NULL,NULL,"2017-03-17 04:57:05"
1489918064,ROMEET_,"Buy Bajaj Auto Ltd, target Rs 3100 : Rakesh Bansal",Bajaj,NULL,NULL,"2017-03-17 04:54:17"
1489918065,Muzaffar69,"Buy Bajaj Auto Ltd, target Rs 3100 : Rakesh Bansal https://t.co/9PTyxCqwMa",Bajaj,NULL,NULL,"2017-03-17 04:48:43"
1489918065,stockmarketpuls,"Buy Bajaj Auto Ltd, target Rs 3100 : Rakesh Bansal",Bajaj,NULL,NULL,"2017-03-17 04:46:24"
1489918065,DennisA_James,"Buy Bajaj Auto Ltd, target Rs 3100 : Rakesh Bansal https://t.co/mryouS4lWv",Bajaj,NULL,NULL,"2017-03-17 04:30:06"
1489918066,Muzaffar69,"Buy Bajaj Auto Ltd, target Rs 3100 : Rakesh Bansal https://t.co/Zcn1C17ir9",Bajaj,NULL,NULL,"2017-03-17 04:29:07"
1489918066,STOCKSTIPS,"Buy Bajaj Auto Ltd, target Rs 3100 : Rakesh Bansal #stocks #tips #bse",Bajaj,NULL,NULL,"2017-03-17 04:12:04"
1489918066,Sajivdhawan,"Trading call: Long BAJFINANCE up 1.5% at 1174. Recommended to buy at 1127 on 15th Mar.",Bajaj,NULL,NULL,"2017-03-17 04:07:34"
1489918066,StockflareIN,"#BAJAJ-AUTO: Bajaj Auto Ltd current price of ₹2,936.4 is now higher than the target price of ₹2,910.02. (https://t.co/BN5VNtyc3S)",Bajaj,NULL,NULL,"2017-03-16 22:06:54"
1489918066,thenewstack,"@AlexWilliams interviewing @CapitalOne engineers Shishar Singhania &amp; Ray Bajaj about the company's new auto finance… https://t.co/3dTfJN3fNq",Bajaj,NULL,NULL,"2017-03-16 22:03:11"
1489918066,RS8868,"New post in #TRENDKART#: BAJFINANCE CHART... WHEN STOCK AT 900 https://t.co/MLDYnJuzDq",Bajaj,NULL,NULL,"2017-03-16 21:23:09"
1489918066,Anandnst,"Bajaj auto daily chart
16 march 2017

Looks good above 2950 https://t.co/34ctpT3ExS",Bajaj,NULL,NULL,"2017-03-16 18:34:55"
1489918066,HaganRao,"RT @CNBCTV18Live: .@GujralAshwani Recommends Bajaj Auto, Balmer Lawrie &amp; BEL For Buy Today Sell Tomorrow; Bajaj Auto Up Over 2% In Trade ht…",Bajaj,NULL,NULL,"2017-03-16 16:33:11"
1489918066,reachbansal,"If buying for long term then fine.
Else if it's for listing gain then think of Bajaj Auto https://t.co/30drFN3inO",Bajaj,NULL,NULL,"2017-03-16 16:19:06"
1489918066,myscribblings,"RT @evoIndia: Bike Maker of the Year nominees: Bajaj Auto, Hero Motocorp and Honda Motorcycle &amp; Scooter India #TimesFastBikesAwards https:/…",Bajaj,NULL,NULL,"2017-03-16 16:13:19"
1489918066,evoIndia,"Bike Maker of the Year nominees: Bajaj Auto, Hero Motocorp and Honda Motorcycle &amp; Scooter India… https://t.co/m6ac4eO77N",Bajaj,NULL,NULL,"2017-03-16 16:13:18"
1489918066,Student4_Life,"&amp; How long till Intellectuals like @RajivBajaj ? of Bajaj Auto,
realize the Hard Truth/s about @AAPNonsense @TrollKejri @ArvindKejriwall ?",Bajaj,NULL,NULL,"2017-03-16 16:04:02"
1489918068,prachibane1432,"RT @CNBCTV18Live: .@GujralAshwani Recommends Bajaj Auto, Balmer Lawrie &amp; BEL For Buy Today Sell Tomorrow; Bajaj Auto Up Over 2% In Trade ht…",Bajaj,NULL,NULL,"2017-03-16 15:41:51"
1489918068,Jagadheeshsingu,"However old is gold , Bajaj Auto ? love https://t.co/0klQiQOsFG",Bajaj,NULL,NULL,"2017-03-16 13:23:03"
1489918068,sahneydeepak,"2/2 irrespective of nifty 9250 or low many scrips prft bkng. Including grasim Tvs maruti Bajaj auto mothersumi to n… https://t.co/P94oSLcGYx",Bajaj,NULL,NULL,"2017-03-16 12:01:50"
1489918068,CNBCTV18News,"RT @CNBCTV18Live: .@GujralAshwani Recommends Bajaj Auto, Balmer Lawrie &amp; BEL For Buy Today Sell Tomorrow; Bajaj Auto Up Over 2% In Trade ht…",Bajaj,NULL,NULL,"2017-03-16 10:03:46"
1489918068,sharmila_p,"Short term delivery: Buy BAJFINANCE
at 1145-1150
with SL at 1122.5
for Target of 1190 #stocks #tips #bse",Bajaj,NULL,NULL,"2017-03-16 09:46:01"
1489918068,CNBCTV18Live,".@GujralAshwani Recommends Bajaj Auto, Balmer Lawrie &amp; BEL For Buy Today Sell Tomorrow; Bajaj Auto Up Over 2% In Tr… https://t.co/ACuWWJrMOF",Bajaj,NULL,NULL,"2017-03-16 09:44:45"
1489918068,IIFLMarkets,"Short term delivery: Buy #BAJFINANCE
at 1145-1150
with SL at 1122.5
for Target of 1190
https://t.co/BX2MjMkH0v #IIFLTradingIdeas",Bajaj,NULL,NULL,"2017-03-16 09:43:17"
1489918068,nbsuthar,"#BAJAJAUTO HIGH 2935   IN [12:46 PM, 3/14/2017] : Nse Bajaj Auto buy 2850-2870 stop below 2840  tgt  2920/3000++",Bajaj,NULL,NULL,"2017-03-16 09:35:32"
1489918069,RichardBejah,"#Auto #AWESUM 20 percent of Bajaj Dominar buyers own a Royal Enfield – Report.. https://t.co/njaFDjT6Yv #New https://t.co/X7G7qlluEQ",Bajaj,NULL,NULL,"2017-03-16 06:34:04"
1489918069,iam_bajaj,"guys the #HondaWRV is launching today in India , with in the range of INR 7-10 lakh. https://t.co/w6Lcd9noWe https://t.co/ZjBPOAQmzT",Bajaj,NULL,NULL,"2017-03-16 05:59:46"
1489918069,paras_kaka,"Online Stock Trading Tips Of The Day BAJAJELEC 16/03/2017 [TOP RATED] https://t.co/J2mazUKB5I https://t.co/fBbMkZ59rc",Bajaj,NULL,NULL,"2017-03-16 05:23:04"
1489918069,abadhya,"Challenge is Good? @sidlal from @motorcycleyogi
Bajaj Dominar 400 eats into 20% of Royal Enfield’s market share https://t.co/LaRrbOpp1J",Bajaj,NULL,NULL,"2017-03-16 05:00:58"
1489918069,sahneydeepak,"Bajaj auto for tdy n hold till tmrw a sell",Bajaj,NULL,NULL,"2017-03-16 04:44:53"
1489918069,BTViNews,"UBS On 2-wheelers: Price Hike Driven By Bajaj Auto, Royal Enfield And TVS",Bajaj,NULL,NULL,"2017-03-16 04:09:05"
1489918069,Devprakash999,"RT @reachbansal: Still in love with Bajaj Auto
Both SL &amp;Target have been revised on upside 
Now conservative target is 3000+ https://t.co/l…",Bajaj,NULL,NULL,"2017-03-16 03:43:59"
1489918070,CNBCBazaar,".UBS on Two Wheelers: Maintains Sell on Bajaj Auto, target  of Rs 2,800",Bajaj,NULL,NULL,"2017-03-16 03:38:10"
1489918070,reachbansal,"Still in love with Bajaj Auto
Both SL &amp;Target have been revised on upside 
Now conservative target is 3000+ https://t.co/lqZu5s7cYk",Bajaj,NULL,NULL,"2017-03-16 03:36:28"
1489918070,ETMarkets,".@UBS on Two Wheelers: Maintains Sell on Bajaj Auto, target  of Rs 2,800",Bajaj,NULL,NULL,"2017-03-16 03:35:59"
1489918070,wwwgalein,"Stock reco: Buy Bajaj Auto Above 2870. Target 3030. SL 2820. 1 week. - https://t.co/IL5oHD0OJm
#stock #sensex #nifty #trading #investment",Bajaj,NULL,NULL,"2017-03-16 03:32:47"
1489918070,kiranvarri,"WOWNews: now that's called #Domination... Starting with #Do... ???Brand is born... #Bajaj #Dominar400 !! myself a…https://t.co/rtETZsfm9W",Bajaj,NULL,NULL,"2017-03-16 03:31:57"
1489918070,IamGreeshma,"RT @IBTimesInd_auto: Riding on #Dominar400, #Bajaj Auto overtakes #RoyalEnfield in 350-500cc segment
https://t.co/9AIhbpPq3X",Bajaj,NULL,NULL,"2017-03-16 03:03:46"
1489918071,ETNOWlive,"UBS ON TWO WHEELERS : Maintains Sell on Bajaj Auto, target  of ₹2,800",Bajaj,NULL,NULL,"2017-03-16 01:41:20"
1489918071,ETNOWlive,"UBS ON TWO WHEELERS : Premium seg (150cc &amp; above) saw higher  price hike of 2-3% driven by Bajaj Auto",Bajaj,NULL,NULL,"2017-03-16 01:28:19"
1489918071,TeslaTouring,"Bajaj keen to do a Tesla in India before 2020
Bajaj Auto said that his company is ready to do ‘something... https://t.co/5nmZ0JfKXT",Bajaj,NULL,NULL,"2017-03-15 19:15:07"
1489918071,YashJourno_,"RT @EconomicTimes: #Dominar helps #BajajAuto race past @royalenfield https://t.co/tYLhtNBgg5 https://t.co/tZYgslLlFY",Bajaj,NULL,NULL,"2017-03-15 15:34:54"
1489918071,sharebossindia,"Bajaj Auto to replicate Dominar success, lines up more high-powered bikes.. https://t.co/rfDbH1L8xb",Bajaj,NULL,NULL,"2017-03-15 13:54:16"
1489918071,sharebossindia,"Bajaj Auto to replicate Dominar success, lines up more high-powered bikes.. https://t.co/fabK5ZBl1L",Bajaj,NULL,NULL,"2017-03-15 13:54:16"
1489918072,INDIANWires,"Bajaj Auto Ltd. has presented a cheque of 1 Crore to M Parrikar as a donation to the Armed Forces Flag Day Fund (AFFDF).
#JanaparaBudget",Bajaj,NULL,NULL,"2017-03-15 12:40:51"
1489918072,autoworldmag,"RT @IBTimesInd_auto: Riding on #Dominar400, #Bajaj Auto overtakes #RoyalEnfield in 350-500cc segment
https://t.co/9AIhbpPq3X",Bajaj,NULL,NULL,"2017-03-15 12:33:58"
1489918072,ScanstockIn,"Bullish pattern emerged on Wed, 15 Mar 2017 for Market NSE: 
BAJAJ-AUTO
HDFCBANK
LUPIN
RELIANCE
Nifty Energy
#ScanstockUpdate",Bajaj,NULL,NULL,"2017-03-15 11:33:09"
1489918072,sharebossindia,"BAJAJ AUTO LTD. - 532977 - Change in Directorate https://t.co/OAeaeYjxNT #ShareBoss https://t.co/Mt7Q8BIYhn THE BOARD AT ITS MEETING ..",Bajaj,NULL,NULL,"2017-03-15 11:21:12"
1489918073,IBTimesInd_auto,"Riding on #Dominar400, #Bajaj Auto overtakes #RoyalEnfield in 350-500cc segment
https://t.co/9AIhbpPq3X",Bajaj,NULL,NULL,"2017-03-15 11:16:00"
1489918073,YLR11590,"RT @EconomicTimes: #Dominar helps #BajajAuto race past @royalenfield https://t.co/tYLhtNBgg5 https://t.co/tZYgslLlFY",Bajaj,NULL,NULL,"2017-03-15 10:41:34"
1489918073,RajeshaM75,"RT @EconomicTimes: #Dominar helps #BajajAuto race past @royalenfield https://t.co/tYLhtNBgg5 https://t.co/tZYgslLlFY",Bajaj,NULL,NULL,"2017-03-15 10:40:19"
1489918073,lalithsrivatsa,"RT @EconomicTimes: #Dominar helps #BajajAuto race past @royalenfield https://t.co/tYLhtNBgg5 https://t.co/tZYgslLlFY",Bajaj,NULL,NULL,"2017-03-15 10:40:15"
1489918073,premkideeweni,"#Dominar helps #BajajAuto race past royalenfield https://t.co/k0SqS9SSNk https://t.co/hJCGmljaoP",Bajaj,NULL,NULL,"2017-03-15 10:39:28"
1489918073,sandeepkuyadav,"#Dominar helps #BajajAuto race past @royalenfield https://t.co/n9ie6RzS8d https://t.co/2roWes7Slu",Bajaj,NULL,NULL,"2017-03-15 10:38:41"
1489918073,BeniCCyeKoy,"#Dominar helps #BajajAuto race past royalenfield https://t.co/9aS3tEN5un https://t.co/5sB1L90JTZ",Bajaj,NULL,NULL,"2017-03-15 10:36:18"
1489918073,EconomicTimes,"#Dominar helps #BajajAuto race past @royalenfield https://t.co/tYLhtNBgg5 https://t.co/tZYgslLlFY",Bajaj,NULL,NULL,"2017-03-15 10:34:40"
1489918073,jugs_02,"RT @kushkatakia: Bajaj Auto said that his company is ready to do ‘something remarkable’ in the electric vehicle space before 2020.

Rajiv '…",Bajaj,NULL,NULL,"2017-03-15 09:54:34"
1489918073,swarajsb,"RT @moneycontrolcom: Bajaj Auto to replicate Dominar success, lines up more high-powered bikes https://t.co/XHR9XEfodw via @swarajsb",Bajaj,NULL,NULL,"2017-03-15 09:53:59"
1489918073,moneycontrolcom,"Bajaj Auto to replicate Dominar success, lines up more high-powered bikes https://t.co/XHR9XEfodw via @swarajsb",Bajaj,NULL,NULL,"2017-03-15 09:53:06"
1489918075,premkideeweni,"#Dominar helps #Bajaj auto race past royalenfield
https://t.co/rxwz4xe9EW",Bajaj,NULL,NULL,"2017-03-15 09:49:12"
1489918075,EVCarNews,"RT @kushkatakia: Bajaj Auto said that the company is ready to do ‘something remarkable’ in the electric vehicle space before 2020.

Rajiv '…",Bajaj,NULL,NULL,"2017-03-15 09:47:30"
1489918075,BeniCCyeKoy,"#Dominar helps #Bajaj auto race past royalenfield
https://t.co/WJvphslWRR",Bajaj,NULL,NULL,"2017-03-15 09:46:41"
1489918075,ExpressDrives,"@Bajajauto #Discover125 now with BS4 compliance and other new features. Click here https://t.co/524JmJIf4i https://t.co/rqTnkjmvSj",Bajaj,NULL,NULL,"2017-03-15 09:38:01"
1489918075,ExpressDrives,"The @Bajajauto is now eating into @royalenfield's market share. Here's why! https://t.co/NijouirxQe https://t.co/R5kQntVJZI",Bajaj,NULL,NULL,"2017-03-15 09:36:01"
1489918075,kushkatakia,"Bajaj Auto said that the company is ready to do ‘something remarkable’ in the electric vehicle space before 2020.

Rajiv 'Musk' Bajaj..!!",Bajaj,NULL,NULL,"2017-03-15 09:19:42"
1489918075,EVCarNews,"RT @kushkatakia: Bajaj Auto said that his company is ready to do ‘something remarkable’ in the electric vehicle space before 2020.

Rajiv '…",Bajaj,NULL,NULL,"2017-03-15 09:18:30"
1489918075,kushkatakia,"Bajaj Auto said that his company is ready to do ‘something remarkable’ in the electric vehicle space before 2020.

Rajiv 'Musk' Bajaj..!!",Bajaj,NULL,NULL,"2017-03-15 09:16:28"
1489918075,retaillending,"Bajaj Auto to replicate Dominar success, lines up more high-powered bikes https://t.co/oRBhr0tkQV",Bajaj,NULL,NULL,"2017-03-15 08:57:19"
1489918075,retaillending,"Bajaj Auto to replicate Dominar success, lines up more high-powered bikes https://t.co/Lp2I8HhuFK",Bajaj,NULL,NULL,"2017-03-15 08:57:19"
1489918075,FinancialXpress,"#BajajDominar400 eats into 20% of #RoyalEnfield’s market share
https://t.co/XCxVQ4qaI3 https://t.co/Pv5PsLUNPD",Bajaj,NULL,NULL,"2017-03-15 08:35:59"
1489918075,NewsBossIndia,"New Bajaj Discover 125 BS4 launched at a price of Rs 50,559.. https://t.co/wksLOEggCS",Bajaj,NULL,NULL,"2017-03-15 08:26:20"
1489918076,NewsBossIndia,"Bajaj Dominar 400 eats into 20% of Royal Enfield’s market share.. https://t.co/7PBGlBfqBU",Bajaj,NULL,NULL,"2017-03-15 08:26:19"
1489918076,pdlweb,"Riding on Dominar 400, Bajaj Auto overtakes Royal Enfield in 350-500cc segment https://t.co/xZCuspSMmd",Bajaj,NULL,NULL,"2017-03-15 08:13:08"
1489918077,thus_spake,"NEW DELHI: Within three months of entering into the fast-expanding 350-cc-plus motorcycle segment with its premi... https://t.co/VsPl45fRBr",Bajaj,NULL,NULL,"2017-03-15 06:19:17"
1489918077,DominarFans,"RT @ETIndustryNews: #Dominar helps #Bajaj auto race past @royalenfield
https://t.co/rXeyqOSJ8w",Bajaj,NULL,NULL,"2017-03-15 06:16:49"
1489918077,tecmvaind,"ETIndustryNews: #Dominar helps #Bajaj auto race past royalenfield
https://t.co/JXlk39XzJO #YoSoyJabali",Bajaj,NULL,NULL,"2017-03-15 06:08:26"
1489918077,devendra786,"Dominar helps Bajaj Auto race past Royal Enfield via economictimes https://t.co/OBPg1mevys https://t.co/EvALymceDx",Bajaj,NULL,NULL,"2017-03-15 06:07:13"
1489918077,ETIndustryNews,"#Dominar helps #Bajaj auto race past @royalenfield
https://t.co/rXeyqOSJ8w",Bajaj,NULL,NULL,"2017-03-15 06:05:36"
1489918077,FinancialXpress,"New #BajajDiscover125BS4 launched at a price of Rs 50,559
https://t.co/BILVfW1YqH https://t.co/dZjSN6ijQQ",Bajaj,NULL,NULL,"2017-03-15 05:58:22"
1489918077,sharebossindia,"BAJAJ CORP LTD. - 533229 - Updates https://t.co/xBONythIjd #ShareBoss https://t.co/sOxvpSe7Uw Pursuant to Regulation 30 of the SEBI (..",Bajaj,NULL,NULL,"2017-03-15 05:25:29"
1489918077,sharebossindia,"Government-Pension-Fund-Global-Holdings/Cent:  #CAPF #IRB #BAJAJ-AUTO #MHRIL #IL&amp;FSTRANS #GPPL #EROSMEDIA #TECHNO #533288 #CARERATING",Bajaj,NULL,NULL,"2017-03-15 05:18:12"
1489918077,thacklilal,"RT @carandbike: Bajaj #Dominar vs @MahindraMojo_ : Which bike offers better value for money? https://t.co/z67rRGs2uj https://t.co/z5mtLn4EBo",Bajaj,NULL,NULL,"2017-03-15 04:04:05"
1489918077,NiftyFinance,"8 calls in bajaj hindusthan ltd.. Find the latest at https://t.co/p7T0HyW3jt #BAJAJHIND #stocks #trading https://t.co/FYPhcqmhoG",Bajaj,NULL,NULL,"2017-03-15 03:00:03"
1489918077,YogenPratap,"RT @AUTOTODAYMAG: Our man @v8obsessed rides the 2017 Bajaj Pulsar NS200 and this is what he thinks
Review here: https://t.co/ZfH82b1w0t htt…",Bajaj,NULL,NULL,"2017-03-14 18:03:30"
1489918077,Autotestdrivers,"2017 Bajaj Discover 125 Launched – All You Need to Know!: By Yatharth Chauhan Bajaj Auto Ltd… https://t.co/k6LiaRKeEX #Cars  #Autonews #NY",Bajaj,NULL,NULL,"2017-03-14 16:26:23"
1489918077,testdrivernews,"2017 Bajaj Discover 125 Launched – All You Need to Know!: By Yatharth Chauhan Bajaj Auto Ltd… https://t.co/jv9dAT2ZzF #Autos #Car #Trucks",Bajaj,NULL,NULL,"2017-03-14 16:26:18"
1489918079,satish17tiwari,"RT @AUTOTODAYMAG: Our man @v8obsessed rides the 2017 Bajaj Pulsar NS200 and this is what he thinks
Review here: https://t.co/ZfH82b1w0t htt…",Bajaj,NULL,NULL,"2017-03-14 14:34:14"
1489918079,supriyapal43,"RT @AUTOTODAYMAG: Our man @v8obsessed rides the 2017 Bajaj Pulsar NS200 and this is what he thinks
Review here: https://t.co/ZfH82b1w0t htt…",Bajaj,NULL,NULL,"2017-03-14 12:58:56"
1489918079,autobild1,"We ride the new 2017 Bajaj Pulsar NS200 and this is what we think

Review here https://t.co/5zvcCOuQs3",Bajaj,NULL,NULL,"2017-03-14 12:56:23"
1489918079,PratikR2811,"RT @AUTOTODAYMAG: Our man @v8obsessed rides the 2017 Bajaj Pulsar NS200 and this is what he thinks
Review here: https://t.co/ZfH82b1w0t htt…",Bajaj,NULL,NULL,"2017-03-14 12:55:39"
1489918079,IndiaToday,"RT @AUTOTODAYMAG: Our man @v8obsessed rides the 2017 Bajaj Pulsar NS200 and this is what he thinks
Review here: https://t.co/ZfH82b1w0t htt…",Bajaj,NULL,NULL,"2017-03-14 12:55:35"
1489918079,AUTOTODAYMAG,"Our man @v8obsessed rides the 2017 Bajaj Pulsar NS200 and this is what he thinks
Review here:… https://t.co/DdNE7SqKUZ",Bajaj,NULL,NULL,"2017-03-14 12:55:13"
1489918079,CyrusDhabhar,"RT @carandbike: Bajaj #Dominar vs @MahindraMojo_ : Which bike offers better value for money? https://t.co/z67rRGs2uj https://t.co/z5mtLn4EBo",Bajaj,NULL,NULL,"2017-03-14 12:32:48"
1489918079,veerubg,"RT @Nikstrade: #BajajCorp is Buy 318/324+ Accumulate For 391/424 First,, 500+ Positional Upside Potential
#BajajElectricals Given 50%+ Retu…",Bajaj,NULL,NULL,"2017-03-14 12:25:09"
1489918079,Bis_Sandeep,"RT carandbike: Bajaj #Dominar vs MahindraMojo_ : Which bike offers better value for money? https://t.co/EKPwGzIsth https://t.co/jccU48iweC",Bajaj,NULL,NULL,"2017-03-14 12:06:09"
1489918079,ndtv,"RT @carandbike: Bajaj #Dominar vs @MahindraMojo_ : Which bike offers better value for money? https://t.co/z67rRGs2uj https://t.co/z5mtLn4EBo",Bajaj,NULL,NULL,"2017-03-14 12:05:02"
1489918079,singhanjali10,"RT @IndiaToday: Have you read our first ride report of the 2017 Bajaj RS200 yet?
Review here: https://t.co/SMJhOfxycu https://t.co/eIvLXxRD…",Bajaj,NULL,NULL,"2017-03-14 11:58:39"
1489918079,KP_dinesh33,"RT @carandbike: Bajaj #Dominar vs @MahindraMojo_ : Which bike offers better value for money? https://t.co/z67rRGs2uj https://t.co/z5mtLn4EBo",Bajaj,NULL,NULL,"2017-03-14 11:57:52"
1489918079,carandbike,"Bajaj #Dominar vs @MahindraMojo_ : Which bike offers better value for money? https://t.co/z67rRGs2uj https://t.co/z5mtLn4EBo",Bajaj,NULL,NULL,"2017-03-14 11:54:32"
1489918080,RajendraVelhe,"RT @PIB_India: Bajaj Auto donates Rs One Crore to Armed Forces Flag Day Fund: https://t.co/zSDzOVUjn0 https://t.co/pxffTVeD51",Bajaj,NULL,NULL,"2017-03-14 11:53:55"
1489918080,nishtha_pradhan,"RT @IndiaToday: Have you read our first ride report of the 2017 Bajaj RS200 yet?
Review here: https://t.co/SMJhOfxycu https://t.co/eIvLXxRD…",Bajaj,NULL,NULL,"2017-03-14 11:39:35"
1489918080,autobild1,"Have you read our first ride report of the 2017 Bajaj RS200 yet?

Review here https://t.co/01gh17fSSY",Bajaj,NULL,NULL,"2017-03-14 11:30:04"
1489918080,IndiaToday,"Have you read our first ride report of the 2017 Bajaj RS200 yet?
Review here: https://t.co/SMJhOfxycu https://t.co/eIvLXxRDPJ",Bajaj,NULL,NULL,"2017-03-14 11:29:49"
1489918081,StockViz,"#ARVIND #ASIANPAINT #BAJFINANCE seeing OI spurts... https://t.co/URycvcWVKT https://t.co/xH54MsoxPC",Bajaj,NULL,NULL,"2017-03-14 09:45:21"
1489918081,DaAmazlngTurtle,"RT @Nikstrade: #BajajCorp is Buy 318/324+ Accumulate For 391/424 First,, 500+ Positional Upside Potential
#BajajElectricals Given 50%+ Retu…",Bajaj,NULL,NULL,"2017-03-14 09:31:27"
1489918081,Nikstrade,"#BajajCorp is Buy 318/324+ Accumulate For 391/424 First,, 500+ Positional Upside Potential
#BajajElectricals Given… https://t.co/yqOrLhZhQr",Bajaj,NULL,NULL,"2017-03-14 09:17:04"
1489918081,RethishVarma,"RT @RethishVarma: Short term call given today on BAJAJELEC hit first target of 325,touched an intraday high of 329.80..more at https://t.co…",Bajaj,NULL,NULL,"2017-03-14 08:59:03"
1489918081,RethishVarma,"Short term call given today on BAJAJELEC hit first target of 325,touched an intraday high of 329.80..more at https://t.co/wR2NqShrHs",Bajaj,NULL,NULL,"2017-03-14 08:58:43"
1489918081,bbrijesh,"#BajajElec - stock is up 35% #happyinvesting @ap_pune @Traderscarnival @Mur_Att @JainSumeetS",Bajaj,NULL,NULL,"2017-03-14 08:56:37"
1489918081,rajanbatra7765,"@AdityaSingla57 Invest and hold...Buy sectors like Auto, Metals...Buy Maruti, Bajaj Auto, Hero Motocorp....Power companies..like BHEl, NTPC",Bajaj,NULL,NULL,"2017-03-13 06:15:36"
1489918081,thenewstack,"@AlexWilliams interviewing @CapitalOne engineers Shishar Singhania &amp; Ray Bajaj about the company's new auto finance… https://t.co/n625288nbi",Bajaj,NULL,NULL,"2017-03-13 01:43:19"
