username,tweet,company,sentiment_of_tweet,confidence_of_sentiment,date,time
BenGreenbergNYC,"On March 31, will the party end for Reliance Jio, too? https://t.co/sOJsdSBpIR",Reliance,NULL,NULL,"2017-03-26 23:55:11",1490808244
PremKKMishra,"Reliance Jio Offer Extended To 30 June || Some Conditions Apply

https://t.co/ZDjNXvOuW0

Use My Referral... https://t.co/fPSiZAnVwI",Reliance,NULL,NULL,"2017-03-26 23:04:00",1490808244
digital_howell,"India's Massive Reliance Industries Holding Just Said It Would Build Apps On GE’s Predix - GE Reports https://t.co/5rPcpiJLWU",Reliance,NULL,NULL,"2017-03-26 23:00:42",1490808244
IndianEquityMkt,"Explained: Effect of SEBI ban on Reliance Industries Ltd. (RIL). https://t.co/TcLkPfz6qa",Reliance,NULL,NULL,"2017-03-26 22:59:41",1490808244
incommuniti,"Competition watchdog clears $1.6 bn Brookfield-RCom tower deal | RelianceMobile 
https://t.co/dwBszQklxX via vcc",Reliance,NULL,NULL,"2017-03-26 22:45:17",1490808244
vccircle,"Competition watchdog clears $1.6 bn Brookfield-RCom tower deal | @RelianceMobile 
https://t.co/84LeRcpao1",Reliance,NULL,NULL,"2017-03-26 22:45:14",1490808244
Rdel_10,"RT @HoustonRockets: An #MVP performance by @JHarden13 today. https://t.co/208UKAbd6k",Reliance,NULL,NULL,"2017-03-26 22:32:58",1490808244
Rdel_10,"RT @HoustonRockets: EPIC. #MVP https://t.co/OyI4L6GsO8",Reliance,NULL,NULL,"2017-03-26 22:26:32",1490808244
Adrian_RCOM,"RT @HARDWELL: TODAY IS THE DAY! #Ultra2017",Reliance,NULL,NULL,"2017-03-26 22:13:58",1490808244
Adrian_RCOM,"RT @steveaoki: Raise your hands if you're ready for some ? #ultra2017 https://t.co/JmBvAuCJ8Y",Reliance,NULL,NULL,"2017-03-26 22:13:52",1490808246
Adrian_RCOM,"RT @djsnake: ULTRA. Tonight. Closing main stage. This is going to be another one of those moments. Proud. Grateful. See you tonight.",Reliance,NULL,NULL,"2017-03-26 22:13:09",1490808246
Adrian_RCOM,"RT @Alesso: Miami. You get better every year.... ?? https://t.co/cG0RuyQQOb",Reliance,NULL,NULL,"2017-03-26 22:13:00",1490808247
Adrian_RCOM,"RT @spain: #EasterinSpain
Come and take part in these unique #festivities - and take away memories that will last forever. https://t.co/Quc…",Reliance,NULL,NULL,"2017-03-26 22:12:52",1490808247
Adrian_RCOM,"RT @HARDWELL: I'M SOOOO READY FOR YOU @ULTRA! #UMF2017",Reliance,NULL,NULL,"2017-03-26 22:11:53",1490808247
OnlinePollsIndi,"Do you believe that the SEBI decision debarring Reliance Industries Ltd from the equity derivatives market and imposing",Reliance,NULL,NULL,"2017-03-26 22:05:47",1490808247
MuhtarMayza,"High Speed Reliance Jio Giga Fiber Broadband | Announced Free Welcome Offer read on Video Music Download - https://t.co/BIq51dxtEm",Reliance,NULL,NULL,"2017-03-26 21:27:17",1490808248
deckshutter,"RT @beastoftraal: Day 54: From @livemint, by @tamalbandyo on negative option banking (https://t.co/SBYbLQMYEt). Your stand @HDFC_Bank? http…",Reliance,NULL,NULL,"2017-03-26 20:56:14",1490808248
SparkBStrategy,"Sebi's reliance order: Key dates and numbers: Sebi bars Reliance Industries from equity derivatives market…… https://t.co/HdaB1RV0iP",Reliance,NULL,NULL,"2017-03-26 20:53:13",1490808248
untradurre1988,"RT @ZeeNews: Reliance Jio announces another bumper offer! Get Prime Membership for free – Know how https://t.co/EWmh93qfoa https://t.co/YiP…",Reliance,NULL,NULL,"2017-03-26 20:44:57",1490808248
parthsuba77,"Reliance Jio: What is the inside story behind the delay in launching Jio commercially? by @adityagund https://t.co/YWKUkmhHOL",Reliance,NULL,NULL,"2017-03-26 20:41:10",1490808248
NewsStoryIndia,"Sebi's reliance order: Key dates and numbers: Sebi bars Reliance Industries from equity derivatives market… https://t.co/VUKzXPnBim",Reliance,NULL,NULL,"2017-03-26 20:31:25",1490808248
charka_,"Statsguru: Tough times ahead for telcos - With Reliance Jio unleashing a tariff war, other telecom operators ru... https://t.co/phGwBCvKeo",Reliance,NULL,NULL,"2017-03-26 20:30:59",1490808248
gadgetsnow,"Reliance Jio users, Vodafone CEO has a message for you https://t.co/PRux1Ud28B https://t.co/Vp8ocShbLJ",Reliance,NULL,NULL,"2017-03-26 20:30:01",1490808248
3NovicesChennai,"#3Novices : Statsguru: Tough times ahead for telcos https://t.co/35f92V3ZRV With Reliance Jio unleashing a tariff war, other telecom opera…",Reliance,NULL,NULL,"2017-03-26 20:28:17",1490808248
priyare098,"How to Activate Reliance Jio Prime Services https://t.co/4tJxmb78b9 https://t.co/QPX7dFySCP",Reliance,NULL,NULL,"2017-03-26 20:25:46",1490808248
TechknowExpert,"I added a video to a @YouTube playlist https://t.co/ZhUw0zjroZ Reliance Jio Download unlimited [No 4 GB Limit] Tested and working 100%",Reliance,NULL,NULL,"2017-03-26 20:04:46",1490808248
025batman,"@tn00x @ShirishKunder Who accused false barbs of Ambani Govt? Egg on Jhoothelal Face. Reliance Industries barred a… https://t.co/PSSOhNZydm",Reliance,NULL,NULL,"2017-03-26 20:04:16",1490808248
stockmarketpuls,"Explained: Reliance Industries' unlawful gains case https://t.co/5Gs1z9HE2S",Reliance,NULL,NULL,"2017-03-26 20:02:21",1490808249
shanmugam_18,"RT @FeignShourie: Reliance Industries fraud &amp; RIL drives Indian policy making! Modi doesn't move an inch without approval of Mukesh!
 https…",Reliance,NULL,NULL,"2017-03-26 19:56:14",1490808249
naveenathresh,"In India, Reliance Jio will enable customers to cut cord: Sling TV CEO Roger Lynch https://t.co/L5hPTeJAlG via @economictimes",Reliance,NULL,NULL,"2017-03-26 19:51:17",1490808250
3NovicesChennai,"#3Novices : Sebi's reliance order: Key dates and numbers https://t.co/w2177TRwlf Sebi bars Reliance Industries from equity derivatives mar…",Reliance,NULL,NULL,"2017-03-26 19:43:44",1490808250
3NovicesChennai,"#3Novices : Explained: Reliance Industries' unlawful gains case https://t.co/J3dGIC9ibu What was the fraud? Why did Sebi drag its feet on …",Reliance,NULL,NULL,"2017-03-26 19:43:42",1490808250
chiranjiv_13,"Now i know all #Airtel ?#OoklaBeTransparent ads are fake and still #reliance #jio #internet faster than others ????",Reliance,NULL,NULL,"2017-03-26 19:41:18",1490808250
swami_nishant,"RT @_RickyBindra: Reliance Jio: Nokia bags 100G optical core deployment contract from Reliance Jio, Telecom News, ET Telecom https://t.co/q…",Reliance,NULL,NULL,"2017-03-26 19:34:01",1490808250
OptionsTip,"New post: Post Sebi ban in derivative trade, Reliance Industries stock is under investor radar https://t.co/DlDVHRmev3",Reliance,NULL,NULL,"2017-03-26 19:30:15",1490808250
OptionsTip,"New post: Explained: Reliance Industries' unlawful gains case https://t.co/felFAEDPkc",Reliance,NULL,NULL,"2017-03-26 19:25:32",1490808250
deepakkhatri812,"RT @NH_India: #RIL to challenge #SEBI ban on equity derivatives trading for 1 year...
https://t.co/TPIgVRQvs2",Reliance,NULL,NULL,"2017-03-26 19:22:02",1490808250
rpower,"Lovely run today up Farleton Knott. Conversation with these balloonists! @taylorgal77 https://t.co/YXBjICi6dX",Reliance,NULL,NULL,"2017-03-26 19:21:03",1490808250
iamkhushisingh,"RT @trendinaliaIN: ⒈ #InspiringHKNKJ
⒉ Running Successfully
⒊ #Ultra2017
⒋ #Obamacare
⒌ Reliance Industries

2017/3/25 08:23 IST https://t.…",Reliance,NULL,NULL,"2017-03-26 19:09:46",1490808251
pushpajasbir,"RT @trendinaliaIN: ⒈ #InspiringHKNKJ
⒉ Running Successfully
⒊ #Ultra2017
⒋ #Obamacare
⒌ Reliance Industries

2017/3/25 08:23 IST https://t.…",Reliance,NULL,NULL,"2017-03-26 19:09:39",1490808251
chaudharyankit_,"RT @trendinaliaIN: ⒈ #InspiringHKNKJ
⒉ Running Successfully
⒊ #Ultra2017
⒋ #Obamacare
⒌ Reliance Industries

2017/3/25 08:23 IST https://t.…",Reliance,NULL,NULL,"2017-03-26 19:09:29",1490808251
KunBajaj,"RT @ETTelecom: ETTelecom | Unsatisfactory financial results, launch of Reliance Jio drove consolidation https://t.co/s6shsa6gAK",Reliance,NULL,NULL,"2017-03-26 19:05:51",1490808251
sharebossindia,"Reliance Jio: How you can benefit from the 5 steps taken by telco over last one week.. https://t.co/LVOUwoPfaH",Reliance,NULL,NULL,"2017-03-26 19:00:38",1490808251
sharebossindia,"On March 31, will the party end for Reliance Jio, too?.. https://t.co/BXgIGdmsdW",Reliance,NULL,NULL,"2017-03-26 19:00:31",1490808251
aditya_chaudry,"RT @BloombergQuint: SEBI finds Reliance Industries guilty of fraudulent trade practices and bars it from dealing in the derivatives market…",Reliance,NULL,NULL,"2017-03-26 18:49:03",1490808253
indiaexplain,"In India, Reliance Jio will enable customers to cut cord: Sling TV CEO Roger Lynch",Reliance,NULL,NULL,"2017-03-26 18:41:24",1490808253
SanketSangoi,"RT @beastoftraal: Day 54: From @livemint, by @tamalbandyo on negative option banking (https://t.co/SBYbLQMYEt). Your stand @HDFC_Bank? http…",Reliance,NULL,NULL,"2017-03-26 18:32:08",1490808253
ItechVillaz,"Reliance Jio Prime Subscription extended to April 30 2017 - Not confirmed https://t.co/5UExphiODX #GSM_Tech https://t.co/xUXLL8wjfJ",Reliance,NULL,NULL,"2017-03-26 18:28:37",1490808253
ddurga123,"#Reliance Jio Prime subscription duration to be extended by a month more! What's then for the users who have already recharged with Rs.303??",Reliance,NULL,NULL,"2017-03-26 18:22:30",1490808253
SITARAM24408330,"RT @ETTelecom: ETTelecom | Till now, nobody has ported to Reliance Jio from BSNL https://t.co/KNX4gkfvDv",Reliance,NULL,NULL,"2017-03-26 18:21:22",1490808253
SITARAM24408330,"RT @SandeepShende: Till now, nobody has ported to Reliance Jio from BSNL | ET Telecom  https://t.co/ofLDQj3AjX",Reliance,NULL,NULL,"2017-03-26 18:20:12",1490808253
Lead_ership,"In India, Reliance Jio will enable customers to cut cord: Sling TV CEO Roger Lynch https://t.co/sodlP17J2d",Reliance,NULL,NULL,"2017-03-26 18:13:19",1490808253
G83Krunal,"RT @phoneradarblog: Here’s how you can get Reliance Jio Prime Membership for Free

Read More: https://t.co/wxM8s4jmYL https://t.co/CacUewEP…",Reliance,NULL,NULL,"2017-03-26 18:10:44",1490808253
ImperialMonk,"RT @AshokAkaybee: All that you needed to know why mere disgorgement was not enough. Penalty too was called for. @bsindia https://t.co/htYm1…",Reliance,NULL,NULL,"2017-03-26 18:09:01",1490808253
manipalblog,"RT @tmanipalj: .@reliancejio's 'palm trees' come up across the Manipal campus https://t.co/7riqLG1av8 #Manipal #JioPrime",Reliance,NULL,NULL,"2017-03-26 18:07:11",1490808253
Narasimmha,"RT @beastoftraal: Day 54: From @livemint, by @tamalbandyo on negative option banking (https://t.co/SBYbLQMYEt). Your stand @HDFC_Bank? http…",Reliance,NULL,NULL,"2017-03-26 18:04:36",1490808253
MittalNishant7,"RT @beastoftraal: Day 54: From @livemint, by @tamalbandyo on negative option banking (https://t.co/SBYbLQMYEt). Your stand @HDFC_Bank? http…",Reliance,NULL,NULL,"2017-03-26 18:03:38",1490808253
qanuj,"SEBI Fines Reliance Industries Rs 1,000 Crore For Fraudulent Trades https://t.co/JrJsVcVqpJ https://t.co/yhFRS2BbLn",Reliance,NULL,NULL,"2017-03-26 17:55:30",1490808253
Bantzzz06,"I reviewed Reliance Jio 3/5. Earn Rs.40 per review #WriteShareWin https://t.co/Uvddlmnbn5 via @MouthShut",Reliance,NULL,NULL,"2017-03-26 17:54:39",1490808253
broadbandforum,"Reliance Jio GigaFiber FTTH Service https://t.co/PSJVMbVSMb",Reliance,NULL,NULL,"2017-03-26 17:52:37",1490808254
aksukhani,"RT @AshokAkaybee: All that you needed to know why mere disgorgement was not enough. Penalty too was called for. @bsindia https://t.co/htYm1…",Reliance,NULL,NULL,"2017-03-26 17:36:22",1490808255
truelegalminds,"Reliance Petroleum case: Sebi imposes 1-yr ban on Reliance Industries, orders disgorgement of Rs 447 cr... https://t.co/mr2pUrf3jS",Reliance,NULL,NULL,"2017-03-26 17:35:59",1490808255
vivek_ananthan,"RT @beastoftraal: Day 54: From @livemint, by @tamalbandyo on negative option banking (https://t.co/SBYbLQMYEt). Your stand @HDFC_Bank? http…",Reliance,NULL,NULL,"2017-03-26 17:31:34",1490808255
RelianceJioFTTx,"@harshilrocks100 Greetings from Reliance Jio!!
Thanks for your interest in Reliance JioFiber. We will update as soon as possible.",Reliance,NULL,NULL,"2017-03-26 17:22:06",1490808255
joelbaily,"Competition Commission approves RCom/Aircel deal - Mobile World Live https://t.co/xP5SN9cmji",Reliance,NULL,NULL,"2017-03-26 17:21:03",1490808255
NewsTrendsToday,"Arbitration on compensation demand in Reliance Industries-ONGC row ... https://t.co/nC2KrKVJua",Reliance,NULL,NULL,"2017-03-26 17:20:50",1490808255
Imranthehost,"RT @sahilmaqbool: Reliance Jio Prime Subscription Deadline to Be Extended by a Month? https://t.co/h74kNZaHTo",Reliance,NULL,NULL,"2017-03-26 17:19:45",1490808255
deepeshar,"RT @ETTelecom: ETTelecom | Till now, nobody has ported to Reliance Jio from BSNL https://t.co/KNX4gkfvDv",Reliance,NULL,NULL,"2017-03-26 17:14:43",1490808255
Subir02,"RT @anshumanjohriAJ: Reliance Jio Prime Subscription Deadline to Be Extended by a Month? https://t.co/zZvOGRwZjS",Reliance,NULL,NULL,"2017-03-26 17:09:25",1490808255
Seshurenga,"This news is yet to be confirmed officially https://t.co/iYRYoY6EhB",Reliance,NULL,NULL,"2017-03-26 17:05:30",1490808255
NavigatorDream,"Red sky in the night, sailors delight ??⛴⚓️? @ Reliance Industries Ltd.,Jamnagar Refinery https://t.co/fE6Mymm67D",Reliance,NULL,NULL,"2017-03-26 17:05:29",1490808256
newsbuckets,"Sebi Bans Reliance Industries From Equity Derivatives Market For 1 Year https://t.co/8ubrafDPNy",Reliance,NULL,NULL,"2017-03-26 17:03:08",1490808257
anshumanjohriAJ,"Reliance Jio Prime Subscription Deadline to Be Extended by a Month? https://t.co/zZvOGRwZjS",Reliance,NULL,NULL,"2017-03-26 17:02:51",1490808257
M9Thakur,"RT @bsindia: Explained: #Reliance Industries' unlawful gains case
https://t.co/AZt2cUdzss https://t.co/XaNxc2lB8y",Reliance,NULL,NULL,"2017-03-26 17:01:11",1490808257
sharma_ankan,"No negative reaction expected in Reliance Industries’ shares on Monday https://t.co/sRWm8m0KCy",Reliance,NULL,NULL,"2017-03-26 16:59:48",1490808257
ShubhamRai21,"I liked a @YouTube video from @shubhamrai21 https://t.co/lYAGfdD0mW Reliance Jio Prime Subscription Deadline to Be Extended.? Nokia",Reliance,NULL,NULL,"2017-03-26 16:56:47",1490808257
NewsTrendsToday,"On March 31, will the party end for Reliance Jio, ... https://t.co/BaBAXRbgFK",Reliance,NULL,NULL,"2017-03-26 16:54:22",1490808257
RanjiGoswami,"But now comes the hard part.

https://t.co/WOAbHshJfx",Reliance,NULL,NULL,"2017-03-26 16:52:26",1490808257
kamat2016,"RT @ETTelecom: ETTelecom | Till now, nobody has ported to Reliance Jio from BSNL https://t.co/KNX4gkfvDv",Reliance,NULL,NULL,"2017-03-26 16:51:21",1490808258
munir247722,"RT @BloombergQuint: SEBI finds Reliance Industries guilty of fraudulent trade practices and bars it from dealing in the derivatives market…",Reliance,NULL,NULL,"2017-03-26 16:50:43",1490808258
pataiyya,"Vodafone, Idea Cellular launch daily data, unlimited voice plans to take on Reliance Jio: सभी plan झुटे है idea के!
https://t.co/A0QJzDoAn3",Reliance,NULL,NULL,"2017-03-26 16:46:01",1490808258
mnakthar,"RT @FeignShourie: Reliance Industries fraud &amp; RIL drives Indian policy making! Modi doesn't move an inch without approval of Mukesh!
 https…",Reliance,NULL,NULL,"2017-03-26 16:45:33",1490808258
pataiyya,"Idea launch daily data, unlimited voice plans to take on Reliance Jio:एक नंबर की लुटेरी कंपनी है idea!
https://t.co/A0QJzDoAn3",Reliance,NULL,NULL,"2017-03-26 16:44:59",1490808258
dashingassu,"RT @FeignShourie: Reliance Industries fraud &amp; RIL drives Indian policy making! Modi doesn't move an inch without approval of Mukesh!
 https…",Reliance,NULL,NULL,"2017-03-26 16:44:01",1490808258
Tadaptiaatmaa,"RT @FeignShourie: Reliance Industries fraud &amp; RIL drives Indian policy making! Modi doesn't move an inch without approval of Mukesh!
 https…",Reliance,NULL,NULL,"2017-03-26 16:43:42",1490808258
munir247722,"RT @BloombergQuint: 9-year case ends with SEBI imposing largest ever penalty, of Rs 1,000 crore, on Reliance Industries.
@sajeetkm 
https:/…",Reliance,NULL,NULL,"2017-03-26 16:42:38",1490808259
munir247722,"RT @CNBCBazaar: Post Sebi ban in derivative trade, Reliance Industries stock is under investor radar https://t.co/swqnrDZTfo https://t.co/K…",Reliance,NULL,NULL,"2017-03-26 16:39:33",1490808259
its_pu,"How #competitors are taking on #RelianceJio https://t.co/cDuvtcLEHS",Reliance,NULL,NULL,"2017-03-26 16:39:16",1490808259
ShubhamRai21,"Reliance Jio Prime Subscription Deadline to Be Extended.? Nokia 150 Dual SIM Feature Phone Launched.: https://t.co/19vmQxoEIj via",Reliance,NULL,NULL,"2017-03-26 16:39:05",1490808259
Anarchified,"RT @beastoftraal: Day 54: From @livemint, by @tamalbandyo on negative option banking (https://t.co/SBYbLQMYEt). Your stand @HDFC_Bank? http…",Reliance,NULL,NULL,"2017-03-26 16:35:20",1490808260
UMARANI0108,"RT @ETTelecom: ETTelecom | Till now, nobody has ported to Reliance Jio from BSNL https://t.co/KNX4gkfvDv",Reliance,NULL,NULL,"2017-03-26 16:35:14",1490808260
upendrarbs,"Every #Telecom operator whether its #reliance #jio #airtel et.c. is looting #indians in the name of providing high speed 4g data.",Reliance,NULL,NULL,"2017-03-26 16:33:16",1490808260
DailyRahnuma,"India’s Reliance Industries penalized for alleged fraud https://t.co/GI9ZEAPKfF https://t.co/kODMQKlXFy",Reliance,NULL,NULL,"2017-03-26 16:30:53",1490808260
thekillertricks,"Reliance Jio Prime Membership deadline will be extended by one month
https://t.co/YaZ8afvNUe https://t.co/AGMNfu90Ih",Reliance,NULL,NULL,"2017-03-26 16:27:55",1490808260
jiolyfeasy,"Extension of deadline for Reliance Jio Prime Membership: https://t.co/I21gw4jRAo https://t.co/W6E23FPEET",Reliance,NULL,NULL,"2017-03-26 16:24:55",1490808260
EpariRaja2,"@JioCare My reliance jio sim is not getting activated!!!Please do something sir!!",Reliance,NULL,NULL,"2017-03-26 16:23:11",1490808260
RealAlokKumar,"@Yuvesh_verma Reliance Jio Payments Bank Launched  https://t.co/gm7zUeUIWE",Reliance,NULL,NULL,"2017-03-26 16:21:59",1490808260
RealAlokKumar,"@HarshMohite998 Reliance Jio Payments Bank Launched  https://t.co/gm7zUeUIWE",Reliance,NULL,NULL,"2017-03-26 16:21:51",1490808260
EpariRaja2,"@reliancejio my reliance jio sim is not getting activated sir!!!!Please do something!!",Reliance,NULL,NULL,"2017-03-26 16:20:45",1490808260
RJ14CN,"RT @Gadgets360: Reliance Jio Prime Subscription Deadline to Be Extended by a Month?
https://t.co/t5BNiPRnkZ",Reliance,NULL,NULL,"2017-03-26 16:20:37",1490808260
ethansilver73,"Reliance Industries closes in on TCS on market capitalisation https://t.co/5POamE195Y",Reliance,NULL,NULL,"2017-03-26 16:18:03",1490808262
themeluha,"Terrific Reliance Jio speed in Vapi! I am amazed! #Jio #speedtest https://t.co/7l1wv2cNk2",Reliance,NULL,NULL,"2017-03-26 16:17:15",1490808262
iprashantsharma,"Upvoted: SEBI Fines Reliance Industries Rs 1,000 Crore For Fraudulent Trades via /r/india https://t.co/nUrHUKD5N4",Reliance,NULL,NULL,"2017-03-26 16:15:06",1490808262
Umarikattan,"RCOM. Ready for a big Move",Reliance,NULL,NULL,"2017-03-26 16:04:33",1490808262
piyushkaggarwal,"RELIANCE INDUSTRIES LTD. if gap down use opportunity...... in cash equity",Reliance,NULL,NULL,"2017-03-26 16:03:00",1490808262
TheEditorNews,"A powerful precedent: SEBI’s order against Reliance Industries for unfair trading is well-argued, but a delayed…… https://t.co/PXnjNhFHlv",Reliance,NULL,NULL,"2017-03-26 16:01:06",1490808262
taurappa,"RT @_RickyBindra: Reliance Jio: Nokia bags 100G optical core deployment contract from Reliance Jio, Telecom News, ET Telecom https://t.co/q…",Reliance,NULL,NULL,"2017-03-26 16:00:56",1490808262
ROOPMINI,"RT @beastoftraal: Day 54: From @livemint, by @tamalbandyo on negative option banking (https://t.co/SBYbLQMYEt). Your stand @HDFC_Bank? http…",Reliance,NULL,NULL,"2017-03-26 16:00:47",1490808262
T2_Online,"Some good news for those who don't have a @reliancejio #PrimeMember yet
https://t.co/Zs91ygQoOb",Reliance,NULL,NULL,"2017-03-26 16:00:00",1490808262
rakeshc85210229,"Just posted a photo @ Reliance Industries Ltd.,Jamnagar Refinery https://t.co/YEO7cISzrP",Reliance,NULL,NULL,"2017-03-26 15:58:02",1490808262
teamindia1C,"https://t.co/Z2uNAl5SiH @anilsinghviCNBC @CNBC_Awaaz @CNBCBajar @CNBC @ETNOWlive @BloombergTV :People r claver,free servcies always welcome",Reliance,NULL,NULL,"2017-03-26 15:57:49",1490808262
GunjanJS,"Billionaire Ambani's Reliance Industries banned from trading futures and options in Indian equities #derivatives https://t.co/mQwfItKwli",Reliance,NULL,NULL,"2017-03-26 15:57:37",1490808262
beastoftraal,"RT @beastoftraal: Day 54: From @livemint, by @tamalbandyo on negative option banking (https://t.co/SBYbLQMYEt). Your stand @HDFC_Bank? http…",Reliance,NULL,NULL,"2017-03-26 15:55:12",1490808262
IndianEditorial,"[BL] A powerful precedent: SEBI’s order against Reliance Industries for unfair trading is well-argued, but a…… https://t.co/HZdFg0xfQn",Reliance,NULL,NULL,"2017-03-26 15:55:07",1490808263
dt_tripathy,"RT @_RickyBindra: Reliance Jio: Nokia bags 100G optical core deployment contract from Reliance Jio, Telecom News, ET Telecom https://t.co/q…",Reliance,NULL,NULL,"2017-03-26 15:54:27",1490808263
Aanandhi,"RT @beastoftraal: Day 54: From @livemint, by @tamalbandyo on negative option banking (https://t.co/SBYbLQMYEt). Your stand @HDFC_Bank? http…",Reliance,NULL,NULL,"2017-03-26 15:52:10",1490808264
AggarwSaurabh,"RT @beastoftraal: Day 54: From @livemint, by @tamalbandyo on negative option banking (https://t.co/SBYbLQMYEt). Your stand @HDFC_Bank? http…",Reliance,NULL,NULL,"2017-03-26 15:49:44",1490808264
sumansehgal88,"RT @trendinaliaIN: ⒈ #InspiringHKNKJ
⒉ Running Successfully
⒊ #Ultra2017
⒋ #Obamacare
⒌ Reliance Industries

2017/3/25 08:23 IST https://t.…",Reliance,NULL,NULL,"2017-03-26 15:49:06",1490808264
shoaibabaqsh,"RT @FeignShourie: Reliance Industries fraud &amp; RIL drives Indian policy making! Modi doesn't move an inch without approval of Mukesh!
 https…",Reliance,NULL,NULL,"2017-03-26 15:38:23",1490808264
keshariarjun,"https://t.co/Co5CbkLrGm @reliancejio @airtelindia @VodafoneIN @ideacellular :Users reliance Cos is cheater,See Anil Ambani Grp R Com service",Reliance,NULL,NULL,"2017-03-26 15:33:20",1490808264
SandeepShende,"Till now, nobody has ported to Reliance Jio from BSNL | ET Telecom  https://t.co/ofLDQj3AjX",Reliance,NULL,NULL,"2017-03-26 15:31:44",1490808264
sivakumarguru,"In Reliance Jio price war era, analysts see limited benefits for Voda-Idea in short term - ET Telecom #TeamEricsson… https://t.co/EtXN68Kfgv",Reliance,NULL,NULL,"2017-03-26 15:28:15",1490808264
pradx,"Reliance Jio network has failed at 2 critical junctures where I had to switch to back up. But otherwise all good.",Reliance,NULL,NULL,"2017-03-26 15:25:10",1490808265
Rpsm056,"RT @nixxin: Absolutely no connection btw jio &amp; savetheinternet.in
Jio's position was anti net neutrality. Read point 3 here:
https://t.co/N…",Reliance,NULL,NULL,"2017-03-26 15:22:16",1490808265
sonalmiglani,"RT @_RickyBindra: Reliance Jio: Nokia bags 100G optical core deployment contract from Reliance Jio, Telecom News, ET Telecom https://t.co/q…",Reliance,NULL,NULL,"2017-03-26 15:20:09",1490808265
BaggaGulshan,"RT @FeignShourie: Reliance Industries fraud &amp; RIL drives Indian policy making! Modi doesn't move an inch without approval of Mukesh!
 https…",Reliance,NULL,NULL,"2017-03-26 15:17:42",1490808265
TECHFORU007,"#JioPrime #jio #Jio4G 
jio... bumper offers!!!!! ... back2back...?
https://t.co/49GbQhBURh https://t.co/2OZe5eGhIO",Reliance,NULL,NULL,"2017-03-26 15:14:25",1490808265
Adrian_RCOM,"RT @UMFTV: Thank you watching! We'll be back for more #Ultra2017 tomorrow. 

The broadcast begins Friday, 3pm EDT on https://t.co/4nafWT7QJ…",Reliance,NULL,NULL,"2017-03-26 15:06:27",1490808265
ImSumanDey,"RT @IndiaTodayTech: Reliance Jio Prime offer: Here is what will happen to Jio SIM if you are not a Prime member
https://t.co/z1hon9Fji4",Reliance,NULL,NULL,"2017-03-26 15:02:48",1490808265
PranavDixit,"RT @nixxin: Absolutely no connection btw jio &amp; savetheinternet.in
Jio's position was anti net neutrality. Read point 3 here:
https://t.co/N…",Reliance,NULL,NULL,"2017-03-26 14:57:11",1490808265
undaanish,"Reliance Jio Prime subscription deadline to be extended by a month https://t.co/Uj2v9FIzuS via @jkalertscom",Reliance,NULL,NULL,"2017-03-26 14:56:26",1490808266
DawangeA,"Reliance Jio Prime Subscription Deadline to Be Extended by a Month? https://t.co/rMwKeqZk12",Reliance,NULL,NULL,"2017-03-26 14:55:58",1490808266
orbitcollection,"On March 31, will the party end for Reliance Jio, too? https://t.co/GcZDXMhvO2",Reliance,NULL,NULL,"2017-03-26 14:54:52",1490808266
shrey107,"Reliance Jio Prime Subscription Deadline to Be Extended by a Month? https://t.co/d6EGEst2Uc https://t.co/TyYaWHhmaO",Reliance,NULL,NULL,"2017-03-26 14:53:08",1490808267
teja_vemula,"RT @expresstechie: Reliance Jio might be thinking to extend the Prime membership deadline by a month https://t.co/6H3vgGMpEq",Reliance,NULL,NULL,"2017-03-26 14:47:02",1490808267
aashishshhetty,"RT @_RickyBindra: Reliance Jio: Nokia bags 100G optical core deployment contract from Reliance Jio, Telecom News, ET Telecom https://t.co/q…",Reliance,NULL,NULL,"2017-03-26 14:37:55",1490808267
rrorthop,"Reliance Jio Prime subscription deadline to be extended by a month: Report https://t.co/YVQOoNmz5A via @IndianExpress",Reliance,NULL,NULL,"2017-03-26 14:37:43",1490808267
jst90,"RT @AshokAkaybee: All that you needed to know why mere disgorgement was not enough. Penalty too was called for. @bsindia https://t.co/htYm1…",Reliance,NULL,NULL,"2017-03-26 14:31:44",1490808267
Sarkar_magic,"RT @_RickyBindra: Reliance Jio: Nokia bags 100G optical core deployment contract from Reliance Jio, Telecom News, ET Telecom https://t.co/q…",Reliance,NULL,NULL,"2017-03-26 14:27:43",1490808267
dhanrajagrawal,"@RUlagadde @AmbaniTina @RelianceMobile correct i have disconnected rcom. Concerns is even TRAI is useless. Need to contact consumer court",Reliance,NULL,NULL,"2017-03-26 14:27:33",1490808267
eac97f3fe0634d9,"Jio Prime Enroll for Jio Prime Membership at Rs 99 Only Reliance Jio Full HD Full HD: https://t.co/tK3A9ikqXc via @YouTube",Reliance,NULL,NULL,"2017-03-26 14:24:48",1490808267
Megha_Gawde,"RT @BloombergQuint: SEBI bars Reliance Industries from equity derivatives market for a year, reports @sajeetkm. 
https://t.co/3tP44M1fvs",Reliance,NULL,NULL,"2017-03-26 14:22:25",1490808267
emi_business,"#Reliance Industries barred from trading #futures for a year 

https://t.co/jnOSG6nlVZ

#Emirates_Business",Reliance,NULL,NULL,"2017-03-26 14:22:03",1490808267
ZyiteGadgets,"On March 31, will the party end for Reliance Jio, too? - There are still many offers like the users can get up ... https://t.co/06TCnXc29p",Reliance,NULL,NULL,"2017-03-26 14:17:16",1490808267
edebd211e1674dc,"@JioCare i applied for Mobile portability from RCom to JIO for No 9736224248 but still pending since last 6 days,",Reliance,NULL,NULL,"2017-03-26 14:16:45",1490808267
Zicus,"RT @nixxin: Absolutely no connection btw jio &amp; savetheinternet.in
Jio's position was anti net neutrality. Read point 3 here:
https://t.co/N…",Reliance,NULL,NULL,"2017-03-26 14:09:25",1490808269
VirendraGhagre,"""@ETTelecom:ETTelecom |Till now, nobody has ported to Reliance Jio from BSNL https://t.co/wCBDB1vLSa""
BSNL getting firm &amp; strong in battle",Reliance,NULL,NULL,"2017-03-26 14:08:18",1490808269
Soutiman,"RT @_RickyBindra: Reliance Jio: Nokia bags 100G optical core deployment contract from Reliance Jio, Telecom News, ET Telecom https://t.co/q…",Reliance,NULL,NULL,"2017-03-26 14:06:59",1490808269
_RickyBindra,"Reliance Jio: Nokia bags 100G optical core deployment contract from Reliance Jio, Telecom News, ET Telecom https://t.co/qYCrr5YjJj",Reliance,NULL,NULL,"2017-03-26 14:03:06",1490808269
BombayKaBabu,"RT @nixxin: Absolutely no connection btw jio &amp; savetheinternet.in
Jio's position was anti net neutrality. Read point 3 here:
https://t.co/N…",Reliance,NULL,NULL,"2017-03-26 13:59:24",1490808269
shivaniaggarw20,"RT @trendinaliaIN: ⒈ #InspiringHKNKJ
⒉ Running Successfully
⒊ #Ultra2017
⒋ #Obamacare
⒌ Reliance Industries

2017/3/25 08:23 IST https://t.…",Reliance,NULL,NULL,"2017-03-26 13:55:02",1490808269
whywhathub1,"Reliance Jio Prime Subscription Expected To Be extended By A Month https://t.co/AsnKByNb0p https://t.co/3KwBiobPyw",Reliance,NULL,NULL,"2017-03-26 13:54:30",1490808269
fluididentity,"@RCommCare I raised the issue with Rcom appellate authority as well as with the customer care services head and got a positive response. (1)",Reliance,NULL,NULL,"2017-03-26 13:50:13",1490808269
RealAlokKumar,"@Gurpreet271 Reliance Jio Payments Bank Launched  https://t.co/gm7zUeUIWE",Reliance,NULL,NULL,"2017-03-26 13:49:28",1490808269
topbestof_,"RT @topbestof_: Reliance Jio brings New Jio Offer, Free Prime Membership, Extra Data upto 120 GB https://t.co/1uWt4r5Kt6 https://t.co/glWFG…",Reliance,NULL,NULL,"2017-03-26 13:49:20",1490808269
RealAlokKumar,"@SiddarrthM Reliance Jio Payments Bank Launched  https://t.co/gm7zUeUIWE",Reliance,NULL,NULL,"2017-03-26 13:49:09",1490808269
RealAlokKumar,"@saritascience31 Reliance Jio Payments Bank Launched  https://t.co/gm7zUeUIWE",Reliance,NULL,NULL,"2017-03-26 13:49:02",1490808269
techkenin,"How to get Reliance Jio SIM for Free with Unlimited Data &amp; Voice for 3 Months https://t.co/8vNBqWsNZP",Reliance,NULL,NULL,"2017-03-26 13:48:43",1490808269
RealAlokKumar,"@cuddling_harry Reliance Jio Payments Bank Launched  https://t.co/gm7zUeUIWE",Reliance,NULL,NULL,"2017-03-26 13:48:37",1490808269
RealAlokKumar,"@Vatsal_Mehta175 Reliance Jio Payments Bank Launched  https://t.co/gm7zUeUIWE",Reliance,NULL,NULL,"2017-03-26 13:48:18",1490808270
RealAlokKumar,"@dhara1002 Reliance Jio Payments Bank Launched  https://t.co/gm7zUeUIWE",Reliance,NULL,NULL,"2017-03-26 13:48:11",1490808271
RealAlokKumar,"@SurajBh11 Reliance Jio Payments Bank Launched  https://t.co/gm7zUeUIWE",Reliance,NULL,NULL,"2017-03-26 13:48:05",1490808271
RealAlokKumar,"@AkashRa04968460 Reliance Jio Payments Bank Launched  ➡ https://t.co/gm7zUeUIWE ❤",Reliance,NULL,NULL,"2017-03-26 13:47:53",1490808271
RealAlokKumar,"Reliance Jio Payments Bank Launched  https://t.co/gm7zUeUIWE",Reliance,NULL,NULL,"2017-03-26 13:46:48",1490808271
zyiteblog,"On March 31, will the party end for Reliance Jio, too? - There are still many offers like the users can get up ... https://t.co/eyujyjBq1p",Reliance,NULL,NULL,"2017-03-26 13:46:11",1490808271
adadithya,"Late to this, but Reliance Jio TV has access to all channels in its app . ALL. Let that sink in for a moment. https://t.co/V7IiRscBER",Reliance,NULL,NULL,"2017-03-26 13:43:08",1490808271
Mjunaid_ullah,"India’s Reliance Industries penalized for alleged fraud] is good,have a look at it! https://t.co/Y3dMum1pOG",Reliance,NULL,NULL,"2017-03-26 13:42:57",1490808272
M_Labhane,"RT @ETTelecom: ETTelecom | Till now, nobody has ported to Reliance Jio from BSNL https://t.co/KNX4gkfvDv",Reliance,NULL,NULL,"2017-03-26 13:40:42",1490808272
FinancialXpress,"On March 31, will the party end for #RelianceJio too? https://t.co/kpjWNnnRli https://t.co/1vzGadkPJw",Reliance,NULL,NULL,"2017-03-26 13:36:14",1490808272
OptionsTip,"New post: Post Sebi ban in derivative trade, Reliance Industries stock is under investor radar https://t.co/mhAGlvS0km",Reliance,NULL,NULL,"2017-03-26 13:31:24",1490808272
OptionsTip,"New post: Sebi bans Reliance Industries from equity derivatives market for a year https://t.co/uFJSrXe1XG",Reliance,NULL,NULL,"2017-03-26 13:26:40",1490808272
camohanraghav,"RT @BloombergQuint: SEBI has imposed the largest penalty in its over 20-year history, reports @sajeetkm.
https://t.co/6Uu7C9iADD",Reliance,NULL,NULL,"2017-03-26 13:22:22",1490808272
itzkundan,"RT @EconomicTimes: Sebi imposes 1-year ban on Reliance Industries, 12 others in equity derivatives trading https://t.co/uRKRN8vzym https://…",Reliance,NULL,NULL,"2017-03-26 13:22:01",1490808272
sanjaykv7,"RT @ETTelecom: ETTelecom | Till now, nobody has ported to Reliance Jio from BSNL https://t.co/KNX4gkfvDv",Reliance,NULL,NULL,"2017-03-26 13:20:27",1490808272
younews_in,"SEBI Fines Reliance Industries Rs 1,000 Crore For Fraudulent Trades https://t.co/BkUKtJhxQo",Reliance,NULL,NULL,"2017-03-26 13:18:11",1490808272
tmanipalj,"RT @tmanipalj: .@reliancejio's 'palm trees' come up across the Manipal campus https://t.co/7riqLG1av8 #Manipal #JioPrime",Reliance,NULL,NULL,"2017-03-26 13:15:42",1490808273
Aashi_81,"RT @dgtl_g33k: Reliance Jio Prime membership: Here’s how to get Rs 100 cashback on it. https://t.co/DuD2jMai8m via @IndianExpress",Reliance,NULL,NULL,"2017-03-26 13:14:52",1490808273
pendown,"RT @AshokAkaybee: All that you needed to know why mere disgorgement was not enough. Penalty too was called for. @bsindia https://t.co/htYm1…",Reliance,NULL,NULL,"2017-03-26 13:11:34",1490808273
khan_sharmin,"Is it a new Reliance Jio Trick ?

https://t.co/oArpXeQWd3 https://t.co/0pfGSaAKNb",Reliance,NULL,NULL,"2017-03-26 13:09:41",1490808274
sumodkuhar,"RT @rishibagree: Bad time for Reliance Industries

To pay 1000 cr fine (447cr +interest)
Ban from F&amp;O for 1Yr

Did anyone said Suit-Boot go…",Reliance,NULL,NULL,"2017-03-26 13:05:41",1490808274
coolveer,"RT @FeignShourie: Reliance Industries fraud &amp; RIL drives Indian policy making! Modi doesn't move an inch without approval of Mukesh!
 https…",Reliance,NULL,NULL,"2017-03-26 13:05:26",1490808274
sand87ch,"RT @nixxin: Absolutely no connection btw jio &amp; savetheinternet.in
Jio's position was anti net neutrality. Read point 3 here:
https://t.co/N…",Reliance,NULL,NULL,"2017-03-26 13:03:00",1490808274
gangwaanii,"RT @FeignShourie: Reliance Industries fraud &amp; RIL drives Indian policy making! Modi doesn't move an inch without approval of Mukesh!
 https…",Reliance,NULL,NULL,"2017-03-26 13:02:35",1490808274
angelsholdingsi,"Arbitration on compensation demand in Reliance Industries-ONGC row starts https://t.co/W4TByjaZml via @FinancialExpress",Reliance,NULL,NULL,"2017-03-26 13:01:56",1490808274
jihsn,"Retweeted Oil &amp; Gas News (@oilgas_exp_prod):

Explained: #Reliance Industries' unlawful gains case. Read more:... https://t.co/tjNTS6XH5J",Reliance,NULL,NULL,"2017-03-26 13:00:08",1490808274
jihsn,"Retweeted Oil &amp; Gas News (@oilgas_exp_prod):

India's #Reliance Industries penalized for alleged fraud. Read... https://t.co/aR9V6PQxxL",Reliance,NULL,NULL,"2017-03-26 13:00:07",1490808274
jihsn,"Retweeted Oil &amp; Gas News (@oilgas_exp_prod):

India's #Reliance Industries penalized for alleged fraud. Read... https://t.co/8bA6zwBZXu",Reliance,NULL,NULL,"2017-03-26 13:00:05",1490808274
mahikp13,"Reliance Jio Online Recharge - Jio Prime Membership https://t.co/WkP7OiubQb",Reliance,NULL,NULL,"2017-03-26 12:57:01",1490808274
sabkuchhsikho,"Latest Reliance Jio Good News | Jio Last Date extend Till 30 April 2017 | By Sab Kuchh Sikho Jano: https://t.co/W1Npviep2N via",Reliance,NULL,NULL,"2017-03-26 12:56:43",1490808274
jsk_khurana,"RT @ETTelecom: ETTelecom | Till now, nobody has ported to Reliance Jio from BSNL https://t.co/KNX4gkfvDv",Reliance,NULL,NULL,"2017-03-26 12:52:39",1490808276
YazdJBilimoria,"Reliance Jio Prime to get one month's extension till April 30?  https://t.co/hdEaRMZAEe",Reliance,NULL,NULL,"2017-03-26 12:45:17",1490808277
pratyushpmhptr,"RT @nixxin: Absolutely no connection btw jio &amp; savetheinternet.in
Jio's position was anti net neutrality. Read point 3 here:
https://t.co/N…",Reliance,NULL,NULL,"2017-03-26 12:44:22",1490808277
bk_iyer,"RT @nixxin: Absolutely no connection btw jio &amp; savetheinternet.in
Jio's position was anti net neutrality. Read point 3 here:
https://t.co/N…",Reliance,NULL,NULL,"2017-03-26 12:39:35",1490808277
varioustyt,"Jio Prime Membership Extended | Reliance Jio Prime subscription deadline to be extended by a month: https://t.co/3FcKkNTCYd via",Reliance,NULL,NULL,"2017-03-26 12:39:06",1490808277
CNBCBazaar,"Post Sebi ban in derivative trade, Reliance Industries stock is under investor radar https://t.co/swqnrDZTfo https://t.co/Kelm3Lx7oC",Reliance,NULL,NULL,"2017-03-26 12:35:43",1490808277
rvp,"RT ETTelecom ""ETTelecom | Till now, nobody has ported to Reliance Jio from BSNL https://t.co/L72eMErmLz""",Reliance,NULL,NULL,"2017-03-26 12:35:22",1490808277
gbz2016,"RT @ETMarkets: Post Sebi ban in derivative trade, Reliance Industries stock is under investor radar https://t.co/uOmWX9d40q https://t.co/12…",Reliance,NULL,NULL,"2017-03-26 12:34:54",1490808277
vaikuntnath,"RT @beastoftraal: Day 54: From @livemint, by @tamalbandyo on negative option banking (https://t.co/SBYbLQMYEt). Your stand @HDFC_Bank? http…",Reliance,NULL,NULL,"2017-03-26 12:34:45",1490808277
star_bhakts,"RT @nixxin: Absolutely no connection btw jio &amp; savetheinternet.in
Jio's position was anti net neutrality. Read point 3 here:
https://t.co/N…",Reliance,NULL,NULL,"2017-03-26 12:34:05",1490808277
Meshsi1502Kn,"RT @AshokAkaybee: All that you needed to know why mere disgorgement was not enough. Penalty too was called for. @bsindia https://t.co/htYm1…",Reliance,NULL,NULL,"2017-03-26 12:33:52",1490808277
ichandanthakur,"RT @chetanbragta: What connection? Who’s agent? Sebi bans Reliance Ind. from equity derivatives market for 1 year https://t.co/iBAzrfdBhP",Reliance,NULL,NULL,"2017-03-26 12:31:39",1490808277
IndiaFone,"ETTelecom | Till now, nobody has ported to Reliance Jio from BSNL https://t.co/NZ7vyoxKJF #Telecom",Reliance,NULL,NULL,"2017-03-26 12:31:08",1490808277
anoopbal,"RT @ETTelecom: ETTelecom | Till now, nobody has ported to Reliance Jio from BSNL https://t.co/KNX4gkfvDv",Reliance,NULL,NULL,"2017-03-26 12:30:57",1490808277
jais_george,"ETTelecom | Till now, nobody has ported to Reliance Jio from BSNL https://t.co/mdDPGBTxke",Reliance,NULL,NULL,"2017-03-26 12:30:31",1490808277
ETTelecom,"ETTelecom | Till now, nobody has ported to Reliance Jio from BSNL https://t.co/KNX4gkfvDv",Reliance,NULL,NULL,"2017-03-26 12:30:28",1490808280
ETMarkets,"Post Sebi ban in derivative trade, Reliance Industries stock is under investor radar https://t.co/uOmWX9d40q https://t.co/1289xONIdu",Reliance,NULL,NULL,"2017-03-26 12:30:01",1490808280
yannis_mate,"RT @MihaelaTest: #Gewinnspiel ?Eyeshadow Palette von #MakeUp Revolution London,passend dazu RdeL Eyeshadow Base.
https://t.co/LTCUvE80FR #B…",Reliance,NULL,NULL,"2017-03-26 12:19:57",1490808280
RanjiGoswami,"Reliance Jio acted as a disruptor - both to industry &amp; to itself.

Industry took its promise seriously.

Q is: would it ever deliver itself?",Reliance,NULL,NULL,"2017-03-26 12:19:44",1490808280
sharebossindia,"Arbitration on compensation demand in Reliance Industries-ONGC row starts.. https://t.co/n1VQrUhmTE",Reliance,NULL,NULL,"2017-03-26 12:12:48",1490808280
shakti1302,"@JioCare internet speed is almost nothing 2G other companies internet speed is much better
Never expect this result from Reliance Jio",Reliance,NULL,NULL,"2017-03-26 12:11:06",1490808280
kushaldas,"RT @nixxin: Absolutely no connection btw jio &amp; savetheinternet.in
Jio's position was anti net neutrality. Read point 3 here:
https://t.co/N…",Reliance,NULL,NULL,"2017-03-26 12:10:57",1490808280
piyush_mohit,"RT @beastoftraal: Day 54: From @livemint, by @tamalbandyo on negative option banking (https://t.co/SBYbLQMYEt). Your stand @HDFC_Bank? http…",Reliance,NULL,NULL,"2017-03-26 12:09:36",1490808280
amms28,"RT @FeignShourie: Reliance Industries fraud &amp; RIL drives Indian policy making! Modi doesn't move an inch without approval of Mukesh!
 https…",Reliance,NULL,NULL,"2017-03-26 12:07:40",1490808281
vinodi59,"RT @SirJadeja: #SEBI Bans Reliance Industries From Equity Derivatives Market For A Year. Fined For Rs 1000 Cr.

No One's Blaming Modi For I…",Reliance,NULL,NULL,"2017-03-26 12:05:52",1490808281
IndiaSpeaketh,"@madhukishwar Horrified by rollback of porn ban. What must Reliance Jio unlimited data have been used for?",Reliance,NULL,NULL,"2017-03-26 12:05:50",1490808281
rishitheadam,"Best abt #reliance #jio &amp; #jiocare is to close ur complaint without resolution &amp; also has audacity to say it successful. it is 4th in a week",Reliance,NULL,NULL,"2017-03-26 12:03:39",1490808281
jais_george,"ETTelecom | Reliance Jio effect: Digital content industry confident of finding place in market https://t.co/jErUzq6DUI",Reliance,NULL,NULL,"2017-03-26 12:00:30",1490808281
ETTelecom,"ETTelecom | Reliance Jio effect: Digital content industry confident of finding place in market https://t.co/Z1CrdUi7RX",Reliance,NULL,NULL,"2017-03-26 12:00:27",1490808281
shoutarticle,"Read Reliance Jio Prime Subscription Deadline To Be Extended By Month https://t.co/v2wyZD7lMR #JioPrime #jio @reliancejio #TechNews #offers",Reliance,NULL,NULL,"2017-03-26 11:58:36",1490808281
orbitcollection,"Arbitration on compensation demand in Reliance Industries-ONGC row starts https://t.co/CG8RGi2spc",Reliance,NULL,NULL,"2017-03-26 11:56:53",1490808282
aadipundit,"RT @mnupundit: Reliance Jio impact: BSNL offers 1 GB free data, says promoting Digital India https://t.co/NGrtjHvPVu via @FinancialExpress",Reliance,NULL,NULL,"2017-03-26 11:49:28",1490808283
happy4dealss,"Reliance Jio Prime Recharge Rs.99 and Get Rs. 10 Cashback https://t.co/5r4JX1gNTI https://t.co/nLogaXhctE",Reliance,NULL,NULL,"2017-03-26 11:49:09",1490808283
mnuadv,"RT @mnupundit: Reliance Jio impact: BSNL offers 1 GB free data, says promoting Digital India https://t.co/NGrtjHvPVu via @FinancialExpress",Reliance,NULL,NULL,"2017-03-26 11:48:13",1490808283
mnuadv,"RT @mnupundit: Reliance Jio impact: BSNL offers 1 GB free data, says promoting Digital India https://t.co/DefCanvAfw",Reliance,NULL,NULL,"2017-03-26 11:48:12",1490808283
SAP_Careers,"RT @BloombergQuint: SEBI has imposed the largest penalty in its over 20-year history, reports @sajeetkm.
https://t.co/6Uu7C9iADD",Reliance,NULL,NULL,"2017-03-26 11:47:10",1490808283
zyiteblog,"Arbitration on compensation demand in Reliance Industries-ONGC row starts https://t.co/WCgxigTuTb",Reliance,NULL,NULL,"2017-03-26 11:45:52",1490808283
BloombergQuint,"SEBI has imposed the largest penalty in its over 20-year history, reports @sajeetkm.
https://t.co/6Uu7C9iADD",Reliance,NULL,NULL,"2017-03-26 11:45:00",1490808283
pushpapandey881,"RT @mnupundit: Reliance Jio Prime Plan Offers 120GB ‘Free’ Data: How It Works https://t.co/FVsj5ablAZ",Reliance,NULL,NULL,"2017-03-26 11:41:23",1490808283
MangoBwoy,"RT @nixxin: Absolutely no connection btw jio &amp; savetheinternet.in
Jio's position was anti net neutrality. Read point 3 here:
https://t.co/N…",Reliance,NULL,NULL,"2017-03-26 11:40:57",1490808283
awryaditi,"RT @nixxin: Absolutely no connection btw jio &amp; savetheinternet.in
Jio's position was anti net neutrality. Read point 3 here:
https://t.co/N…",Reliance,NULL,NULL,"2017-03-26 11:35:24",1490808283
PuravaPakash,"RT @AshokAkaybee: All that you needed to know why mere disgorgement was not enough. Penalty too was called for. @bsindia https://t.co/htYm1…",Reliance,NULL,NULL,"2017-03-26 11:35:18",1490808283
insaninderjit2,"RT @trendinaliaIN: ⒈ #InspiringHKNKJ
⒉ Running Successfully
⒊ #Ultra2017
⒋ #Obamacare
⒌ Reliance Industries

2017/3/25 08:23 IST https://t.…",Reliance,NULL,NULL,"2017-03-26 11:34:53",1490808283
sonusharmakaush,"I feel Reliance Jio is a joke in 2016-2017 in the name of 4g services.I write to jio care 30 times and they hide their lacks@anil Ambani",Reliance,NULL,NULL,"2017-03-26 11:34:29",1490808283
ThisIsRushi,"RT @nixxin: Absolutely no connection btw jio &amp; savetheinternet.in
Jio's position was anti net neutrality. Read point 3 here:
https://t.co/N…",Reliance,NULL,NULL,"2017-03-26 11:33:52",1490808283
rachnaburman,"RT @nixxin: Absolutely no connection btw jio &amp; savetheinternet.in
Jio's position was anti net neutrality. Read point 3 here:
https://t.co/N…",Reliance,NULL,NULL,"2017-03-26 11:33:45",1490808285
nixxin,"Absolutely no connection btw jio &amp; savetheinternet.in
Jio's position was anti net neutrality. Read point 3 here:… https://t.co/QG0X44oDBR",Reliance,NULL,NULL,"2017-03-26 11:32:27",1490808285
ksharif1961,"RT @FeignShourie: Reliance Industries fraud &amp; RIL drives Indian policy making! Modi doesn't move an inch without approval of Mukesh!
 https…",Reliance,NULL,NULL,"2017-03-26 11:30:02",1490808285
NewsRepublicTV,"Reliance Jio now offering 120GB free data, Prime membership cashback https://t.co/DqzGbYVwER https://t.co/ZxmieVzIxS",Reliance,NULL,NULL,"2017-03-26 11:26:07",1490808285
TheFactpost,"Reliance Jio now offering 120GB free data, Prime membership cashback https://t.co/xNI3yvCZ3N https://t.co/0AzTXtYvEd",Reliance,NULL,NULL,"2017-03-26 11:26:05",1490808285
dharshan_jit,"Reliance Jio Prime new Offers 120GB Free Data From March 31 Today Mukesh... https://t.co/PfI7u5nIxG via @YouTube",Reliance,NULL,NULL,"2017-03-26 11:20:34",1490808285
SainiKS2,"RT @FeignShourie: Reliance Industries fraud &amp; RIL drives Indian policy making! Modi doesn't move an inch without approval of Mukesh!
 https…",Reliance,NULL,NULL,"2017-03-26 11:18:38",1490808285
NewsRepublicTV,"Reliance Jio Prime subscription tipped to be extended; all you need to know https://t.co/4SKUjGLbbh https://t.co/OFohHVrcCc",Reliance,NULL,NULL,"2017-03-26 11:10:00",1490808285
DickDarryl,"RT @FeignShourie: Reliance Industries fraud &amp; RIL drives Indian policy making! Modi doesn't move an inch without approval of Mukesh!
 https…",Reliance,NULL,NULL,"2017-03-26 11:09:59",1490808285
TheFactpost,"Reliance Jio Prime subscription tipped to be extended; all you need to know https://t.co/Tr5meJLBpg https://t.co/iQpXYVAooM",Reliance,NULL,NULL,"2017-03-26 11:09:58",1490808286
sunder_s_mehra,"How to buy #JioPrime Membership | How to Register/ Activate Reliance #JIO Prime Membership ? - in Hindi... https://t.co/HnkVvWIqpP",Reliance,NULL,NULL,"2017-03-26 11:02:02",1490808286
imSKH,"@EconomicTimes I have ported my @BSNLCorporate  number to @reliancejio..! 

https://t.co/RWrDQ92TcX",Reliance,NULL,NULL,"2017-03-26 11:01:28",1490808286
rahulbajajj,"RT @bsindia: Explained: #Reliance Industries' unlawful gains case
https://t.co/AZt2cUdzss https://t.co/XaNxc2lB8y",Reliance,NULL,NULL,"2017-03-26 10:59:02",1490808286
navinkarthik,"RT @rishibagree: Bad time for Reliance Industries

To pay 1000 cr fine (447cr +interest)
Ban from F&amp;O for 1Yr

Did anyone said Suit-Boot go…",Reliance,NULL,NULL,"2017-03-26 10:55:00",1490808286
csgautamsingh,"Post Sebi ban in derivative trade, Reliance Industries stock is under investor radar https://t.co/5cBzqQ1aWt via @economictimes",Reliance,NULL,NULL,"2017-03-26 10:54:04",1490808286
DrRajibBiswas3,"Competition watchdog clears $1.6 bn Brookfield-RCom tower deal https://t.co/DKrZK19unX",Reliance,NULL,NULL,"2017-03-26 10:52:16",1490808288
KarimPadaniya,"Explained: Reliance Industries' unlawful gains case https://t.co/BjTbuKkSuB #reliance",Reliance,NULL,NULL,"2017-03-26 10:51:26",1490808288
hblikenet,"Reliance Jio Prime to get one month’s extension till April 30? https://t.co/zwTt12JhTm https://t.co/VzdWxgDCss",Reliance,NULL,NULL,"2017-03-26 10:50:47",1490808288
kamrupexpress,"RT @BloombergQuint: SEBI bars Reliance Industries from equity derivatives market for a year, reports @sajeetkm. 
https://t.co/3tP44M1fvs",Reliance,NULL,NULL,"2017-03-26 10:48:36",1490808288
incommuniti,"Competition watchdog clears $1.6 bn Brookfield-RCom tower deal | RelianceMobile 
https://t.co/dwBszQklxX via vcc",Reliance,NULL,NULL,"2017-03-26 10:45:17",1490808288
vccircle,"Competition watchdog clears $1.6 bn Brookfield-RCom tower deal | @RelianceMobile 
https://t.co/84LeRcpao1",Reliance,NULL,NULL,"2017-03-26 10:45:05",1490808288
PPT_Search,"RELIANCE INDUSTRIES Powerpoint Presentations - https://t.co/Wrls3wjFiH  #RELIANCE #INDUSTRIES",Reliance,NULL,NULL,"2017-03-26 10:43:53",1490808288
Rohitagrawal999,"@RCommCare broadband not working for last 10 days in our society koregaon park, Pune. No response from rcom officials. Please help",Reliance,NULL,NULL,"2017-03-26 10:40:39",1490808288
jaijaicongress,"RT @FeignShourie: Reliance Industries fraud &amp; RIL drives Indian policy making! Modi doesn't move an inch without approval of Mukesh!
 https…",Reliance,NULL,NULL,"2017-03-26 10:37:03",1490808288
giveawayvtech,"Hello :) Rpower gaming (Rpowergaming) https://t.co/u5WswoCFsp",Reliance,NULL,NULL,"2017-03-26 10:35:25",1490808288
Bijusahu4,"RT @FeignShourie: Reliance Industries fraud &amp; RIL drives Indian policy making! Modi doesn't move an inch without approval of Mukesh!
 https…",Reliance,NULL,NULL,"2017-03-26 10:29:44",1490808288
krsanjay6161,"RT @FeignShourie: Reliance Industries fraud &amp; RIL drives Indian policy making! Modi doesn't move an inch without approval of Mukesh!
 https…",Reliance,NULL,NULL,"2017-03-26 10:28:24",1490808288
impvk18,"While its competitors are planning to reduce the charges, RCOM is sending these messages ?? Clear example of how no… https://t.co/IaMuC8783e",Reliance,NULL,NULL,"2017-03-26 10:27:25",1490808288
meprvn,"RT @FeignShourie: Reliance Industries fraud &amp; RIL drives Indian policy making! Modi doesn't move an inch without approval of Mukesh!
 https…",Reliance,NULL,NULL,"2017-03-26 10:26:21",1490808289
ketan_2013,"RT @ETMarkets: Post #Sebi ban in derivative trade, #RelianceIndustries stock is under investor radar @iamrahuloberoi
https://t.co/ar8yXPANr…",Reliance,NULL,NULL,"2017-03-26 10:21:25",1490808289
surendra4714,"RT @FeignShourie: Reliance Industries fraud &amp; RIL drives Indian policy making! Modi doesn't move an inch without approval of Mukesh!
 https…",Reliance,NULL,NULL,"2017-03-26 10:21:14",1490808292
animeshynr,"RT @FeignShourie: Reliance Industries fraud &amp; RIL drives Indian policy making! Modi doesn't move an inch without approval of Mukesh!
 https…",Reliance,NULL,NULL,"2017-03-26 10:18:26",1490808292
jaidevpurdhani,"Sign that you've been watching the game the whole day: singing Reliance Jio prime ad song like it's a sing-along show. ""Continue hoenga....""",Reliance,NULL,NULL,"2017-03-26 10:17:08",1490808292
Devang018,"RT @JantaKaReporter: Sebi bans Mukesh Ambani's Reliance Industries from equity derivatives trading for 1 year https://t.co/eJzPvEsqLb",Reliance,NULL,NULL,"2017-03-26 10:16:57",1490808292
jio_rocks,"Reliance Jio Prime Subscription Deadline to Be Extended by a Month https://t.co/hWHUp617SU https://t.co/bLTEibUnIW",Reliance,NULL,NULL,"2017-03-26 10:15:50",1490808292
orbitcollection,"Reliance Jio Prime membership deadline to be extended by one month https://t.co/uectbVIG2g",Reliance,NULL,NULL,"2017-03-26 10:14:53",1490808292
With_INC_RG,"RT @FeignShourie: Reliance Industries fraud &amp; RIL drives Indian policy making! Modi doesn't move an inch without approval of Mukesh!
 https…",Reliance,NULL,NULL,"2017-03-26 10:11:09",1490808292
BharatKumarHind,"RT @tech2eets: 'Buy one get one' offer announced for @reliancejio Prime pre-paid customers – https://t.co/LSGOWvuihb #Jio #JioPrime #Relian…",Reliance,NULL,NULL,"2017-03-26 10:09:07",1490808292
sharebossindia,"Call failures drop between Reliance Jio, Airtel.. https://t.co/Gm8x6aTKpW",Reliance,NULL,NULL,"2017-03-26 10:05:16",1490808292
aalbertjac,"RT @storytap_india: A Quick Comparison Of The Best Mobile Plans From Reliance Jio, Vodafone, Airtel and Idea

https://t.co/MD64hA3zav",Reliance,NULL,NULL,"2017-03-26 10:03:47",1490808292
bradsinclairlaw,"India market regulator accuses Reliance Industries of fraud #SinclairLaw https://t.co/QJq79fRXUx",Reliance,NULL,NULL,"2017-03-26 10:00:02",1490808292
REVIMSHAN,"RT @FeignShourie: Reliance Industries fraud &amp; RIL drives Indian policy making! Modi doesn't move an inch without approval of Mukesh!
 https…",Reliance,NULL,NULL,"2017-03-26 09:56:35",1490808293
kritiktos,"How much money you save in last 6 months by using Reliance Jio  
#jio
@reliancejio",Reliance,NULL,NULL,"2017-03-26 09:56:25",1490808293
TheTechpert,"Reliance Jio Plans after 31 march 2017 – Jio Pricing &amp; Tariff Details after 31 march https://t.co/8VIsIjKTXP https://t.co/bmIoStlwQi",Reliance,NULL,NULL,"2017-03-26 09:56:08",1490808293
msf1985,"Reliance Jio Prime Subscription Deadline to Be Extended by a Month?

 Shared via @Gadgets360 appj https://t.co/wbkUv5bEyY",Reliance,NULL,NULL,"2017-03-26 09:55:46",1490808293
ninjassuck,"Till now, nobody has ported to Reliance Jio from BSNL https://t.co/GNtBl2Uief https://t.co/JzVZRvhltV",Reliance,NULL,NULL,"2017-03-26 09:55:33",1490808296
ektashaktiyuva1,"RT @tech2eets: 'Buy one get one' offer announced for @reliancejio Prime pre-paid customers – https://t.co/LSGOWvuihb #Jio #JioPrime #Relian…",Reliance,NULL,NULL,"2017-03-26 09:54:26",1490808296
storytap_india,"A Quick Comparison Of The Best Mobile Plans From Reliance Jio, Vodafone, Airtel and Idea

https://t.co/MD64hA3zav",Reliance,NULL,NULL,"2017-03-26 09:52:12",1490808296
SunilMahour4,"RT @tech2eets: 'Buy one get one' offer announced for @reliancejio Prime pre-paid customers – https://t.co/LSGOWvuihb #Jio #JioPrime #Relian…",Reliance,NULL,NULL,"2017-03-26 09:51:49",1490808296
Aneela_7,"RT @FeignShourie: Reliance Industries fraud &amp; RIL drives Indian policy making! Modi doesn't move an inch without approval of Mukesh!
 https…",Reliance,NULL,NULL,"2017-03-26 09:51:33",1490808296
firstpost,"RT @tech2eets: 'Buy one get one' offer announced for @reliancejio Prime pre-paid customers – https://t.co/LSGOWvuihb #Jio #JioPrime #Relian…",Reliance,NULL,NULL,"2017-03-26 09:50:19",1490808296
sorapedia,"How To Get 120GB Free 4G Data on Reliance Jio Prime https://t.co/1hyKKTZRin",Reliance,NULL,NULL,"2017-03-26 09:49:53",1490808296
ninjassuck,"Reliance Jio effect: Digital content industry confident of finding place in market https://t.co/TjEuuSvtzq https://t.co/fIKRnV0SXy",Reliance,NULL,NULL,"2017-03-26 09:49:34",1490808296
sachingk,"RT @AshokAkaybee: All that you needed to know why mere disgorgement was not enough. Penalty too was called for. @bsindia https://t.co/htYm1…",Reliance,NULL,NULL,"2017-03-26 09:48:25",1490808296
govee007,"RT @AshokAkaybee: All that you needed to know why mere disgorgement was not enough. Penalty too was called for. @bsindia https://t.co/htYm1…",Reliance,NULL,NULL,"2017-03-26 09:33:14",1490808296
divu6,"RT @beastoftraal: Day 54: From @livemint, by @tamalbandyo on negative option banking (https://t.co/SBYbLQMYEt). Your stand @HDFC_Bank? http…",Reliance,NULL,NULL,"2017-03-26 09:32:18",1490808296
SharikINC,"RT @FeignShourie: Reliance Industries fraud &amp; RIL drives Indian policy making! Modi doesn't move an inch without approval of Mukesh!
 https…",Reliance,NULL,NULL,"2017-03-26 09:30:45",1490808296
TheDhruvDesai,"RT @beastoftraal: Day 54: From @livemint, by @tamalbandyo on negative option banking (https://t.co/SBYbLQMYEt). Your stand @HDFC_Bank? http…",Reliance,NULL,NULL,"2017-03-26 09:27:38",1490808296
sujitchandran,"RT @AshokAkaybee: All that you needed to know why mere disgorgement was not enough. Penalty too was called for. @bsindia https://t.co/htYm1…",Reliance,NULL,NULL,"2017-03-26 09:27:28",1490808296
en_southlive,"Jio lovers seem to have more time to join the primetime membership | https://t.co/EFkMMv7doT",Reliance,NULL,NULL,"2017-03-26 09:26:07",1490808296
tmanipalj,".@reliancejio's 'palm trees' come up across the Manipal campus https://t.co/7riqLG1av8 #Manipal #JioPrime",Reliance,NULL,NULL,"2017-03-26 09:24:37",1490808298
sundardce7,"Reliance Jio Prime Subscription Deadline to Be Extended by a Month? https://t.co/6Bxq1bKWfR",Reliance,NULL,NULL,"2017-03-26 09:24:03",1490808298
NewsTrendsToday,"Reliance Jio: How you can benefit from the 5 steps taken by telco over last one ... https://t.co/GYKTi7eM45",Reliance,NULL,NULL,"2017-03-26 09:18:27",1490808298
EntMelon,"https://t.co/zTS9RWPAuO  Reliance jio FAQ #INDvsAUS #Modi #MannKiBaat #JioPrime #ytff #Viratkohli #Rahane #pujara #iphone #nasa #OppoF3Plus",Reliance,NULL,NULL,"2017-03-26 09:16:50",1490808298
SemanticEarth,"How to Sign Up for Reliance Jio Prime Membership Using MyJio App Or https://t.co/dnPgtLW30L #Technology… https://t.co/X0b5KA3xFQ",Reliance,NULL,NULL,"2017-03-26 09:14:26",1490808298
Androfyi,"Reliance Jio Fiber Broadband Service with High Speed 1GBps Plan Starts at Rs 500 https://t.co/Z7nlMtw8M1",Reliance,NULL,NULL,"2017-03-26 09:14:01",1490808298
navneetkaur456,"RT @trendinaliaIN: ⒈ #InspiringHKNKJ
⒉ Running Successfully
⒊ #Ultra2017
⒋ #Obamacare
⒌ Reliance Industries

2017/3/25 08:23 IST https://t.…",Reliance,NULL,NULL,"2017-03-26 09:03:55",1490808298
9L9Jd144gwkTD4a,"RT @TimesNow: Sebi imposes 1-year ban on Reliance Industries, 12 others in equity derivatives trading (PTI) https://t.co/h901kHPL13",Reliance,NULL,NULL,"2017-03-26 09:01:26",1490808299
JaiHIndtweets,"@SarvagyaBenganiDear Reliance JIO,Your Data wifi Router goes Red many times-Dont just add Customers but ensure proper services too",Reliance,NULL,NULL,"2017-03-26 09:00:02",1490808299
richysantoro,"Reliance Jio Prime subscription now to be available for free #startup https://t.co/yAaFZ35Gzp",Reliance,NULL,NULL,"2017-03-26 08:57:03",1490808299
venumadhavbolla,"Explained Reliance Industries unlawful gains case https://t.co/ihAIqn6pFz",Reliance,NULL,NULL,"2017-03-26 08:55:30",1490808299
orbitcollection,"Reliance Jio: How you can benefit from the 5 steps taken by telco over last one week https://t.co/Yr9TrbmjqJ",Reliance,NULL,NULL,"2017-03-26 08:52:54",1490808299
SupremeHarish,"RT @AshokAkaybee: All that you needed to know why mere disgorgement was not enough. Penalty too was called for. @bsindia https://t.co/htYm1…",Reliance,NULL,NULL,"2017-03-26 08:51:25",1490808299
FinancialXpress,"@reliancejio: How you can benefit from the 5 steps taken by telco over last one week
https://t.co/OJ1Q3o4wfX https://t.co/5ZHPqfKfsG",Reliance,NULL,NULL,"2017-03-26 08:49:23",1490808299
zyiteblog,"Reliance Jio: How you can benefit from the 5 steps taken by telco over last one week https://t.co/gBY8nXjBh5",Reliance,NULL,NULL,"2017-03-26 08:46:30",1490808299
rajiv2359,"RT @FeignShourie: Reliance Industries fraud &amp; RIL drives Indian policy making! Modi doesn't move an inch without approval of Mukesh!
 https…",Reliance,NULL,NULL,"2017-03-26 08:39:47",1490808301
nevinjl,"RT @AshokAkaybee: All that you needed to know why mere disgorgement was not enough. Penalty too was called for. @bsindia https://t.co/htYm1…",Reliance,NULL,NULL,"2017-03-26 08:37:15",1490808301
nsjohnns,"@Reliance Jio the services have started deterioating in full swing 4G has got worst than 2G HORRIBLE &amp; IRRITATING &amp; NO EXPECTATIONS.!!",Reliance,NULL,NULL,"2017-03-26 08:36:30",1490808301
RowdyRomeo_,"RT @AshokAkaybee: All that you needed to know why mere disgorgement was not enough. Penalty too was called for. @bsindia https://t.co/htYm1…",Reliance,NULL,NULL,"2017-03-26 08:34:41",1490808301
ormiga,"Sebi bans #Reliance equity #derivatives 1yr HA #ambani #insidertrading?
https://t.co/3iPerpG0kn HA mucho #fun #indvaus tv comm #hindu",Reliance,NULL,NULL,"2017-03-26 08:34:31",1490808301
shivakumar235,"Reliance Jio Prime Subscription Deadline to Be Extended by a Month? https://t.co/jEaKiJh8pE",Reliance,NULL,NULL,"2017-03-26 08:33:13",1490808301
Dpn_16,"Read the news stated ""RELIANCE Jio has decided to extend their Happy New Year Plan for another one month "".Waiting for Official info",Reliance,NULL,NULL,"2017-03-26 08:32:12",1490808301
sharebossindia,"Buy Reliance Industries at lower levels, prefer pharma: Ashwani Gujral.. https://t.co/tcHUFAzPtj",Reliance,NULL,NULL,"2017-03-26 08:31:41",1490808301
deepa_nlu,"Well explained!
 https://t.co/MR4jdsDQvV",Reliance,NULL,NULL,"2017-03-26 08:29:10",1490808301
investdunia1,"Reliance Jio effect: 'Smaller players looking to exit' - Times of India
https://t.co/1ykkcveCwv https://t.co/rSpnucWRr7",Reliance,NULL,NULL,"2017-03-26 08:29:04",1490808301
broadbandforum,"Reliance Jio JioLink Indoor WiFi Plans and Preview Offer https://t.co/7ivEhS0I8d",Reliance,NULL,NULL,"2017-03-26 08:28:38",1490808301
newstracklive,"Reliance Jio may extend the Prime Membership subscription deadline, report says
#RelianceJio #Jio... https://t.co/LzFztjqX40",Reliance,NULL,NULL,"2017-03-26 08:28:31",1490808301
kumar_sumit,"RT @AshokAkaybee: All that you needed to know why mere disgorgement was not enough. Penalty too was called for. @bsindia https://t.co/htYm1…",Reliance,NULL,NULL,"2017-03-26 08:24:13",1490808301
hari2007,"@TheGoanPatiala Are you sure? https://t.co/5lHB2zK3YL",Reliance,NULL,NULL,"2017-03-26 08:24:11",1490808301
tisaiyan,"RT @AshokAkaybee: All that you needed to know why mere disgorgement was not enough. Penalty too was called for. @bsindia https://t.co/htYm1…",Reliance,NULL,NULL,"2017-03-26 08:23:21",1490808301
gauravvns,"RT @FeignShourie: Reliance Industries fraud &amp; RIL drives Indian policy making! Modi doesn't move an inch without approval of Mukesh!
 https…",Reliance,NULL,NULL,"2017-03-26 08:19:59",1490808304
nippynews,"LiveMint - Market News - A file photo of the Sebi headquarters in Mumbai. Photo: Mint - https://t.co/2uVlUOmxj2",Reliance,NULL,NULL,"2017-03-26 08:15:03",1490808304
shoutarticle,"Read RelianceJio DTH Price DTH launch date Monthly Recharge Plan https://t.co/6ZEtXymshQ #jio #RelianceJio #RelianceIndustries @jiodth #tech",Reliance,NULL,NULL,"2017-03-26 08:09:11",1490808304
RavindraSoni1,"Airtel Most Aggressive To Match Reliance Jio Prime Offer https://t.co/VkVMNcuffD https://t.co/TZmSCsC9oP",Reliance,NULL,NULL,"2017-03-26 08:08:36",1490808304
nandi555,"RT @AshokAkaybee: All that you needed to know why mere disgorgement was not enough. Penalty too was called for. @bsindia https://t.co/htYm1…",Reliance,NULL,NULL,"2017-03-26 08:05:33",1490808304
Surasuma21,"RT @astitvam: SEBI has imposed a Rs 1,000-crore penalty on Reliance Industries Ltd., the largest in 20-years. #KejriShocked
 https://t.co/g…",Reliance,NULL,NULL,"2017-03-26 08:02:50",1490808304
bhanunischal,"@JantaKaReporter what soon? GOI has already provided adhaar access to Reliance JIO.",Reliance,NULL,NULL,"2017-03-26 07:59:42",1490808304
gowtham3834,"After announcing its special Jio Prime membership, Reliance Jio has reportedly announced a new ‘Buy One Get One’... https://t.co/s0AEZcFNB6",Reliance,NULL,NULL,"2017-03-26 07:59:24",1490808304
globalbrokers,"Reliance Industries barred from trading futures for a year https://t.co/7Gh5Vfkmsv",Reliance,NULL,NULL,"2017-03-26 07:56:00",1490808304
offshorebroker,"Reliance Industries barred from trading futures for a year https://t.co/lsmmI57zQQ",Reliance,NULL,NULL,"2017-03-26 07:56:00",1490808304
funandlearning,"RT @Ultrascan419: India's Reliance Industries penalized for alleged fraud https://t.co/pHS921Gs7s #scam #fraud",Reliance,NULL,NULL,"2017-03-26 07:54:44",1490808304
GM_MTDC,"1.32 crore voice calls to Airtel network failed: a lie by @reliancejio @JioCare dont have t coverage @hashmumbai https://t.co/wPD65KUa8y",Reliance,NULL,NULL,"2017-03-26 07:54:21",1490808304
oftentech,"Get @reliancejio Prime subscription for FREE!! And everything you need to know. https://t.co/X7Zn2lESAg #RelianceJio #jio #jioprime #free.",Reliance,NULL,NULL,"2017-03-26 07:49:27",1490808304
Tellto_brinjal,"9-year case ends with SEBI imposing largest ever penalty of Rs 1,000 crore on #Reliance Industries.  https://t.co/1FITnRvWBJ",Reliance,NULL,NULL,"2017-03-26 07:48:40",1490808304
zyiteblog,"Good news for Reliance Jio subscribers, telco set to extend Prime deadline https://t.co/2MmShrPjmB",Reliance,NULL,NULL,"2017-03-26 07:46:03",1490808307
emrnbichu,"RT @FinancialXpress: Good news for #RelianceJio subscribers, telco set to extend #Prime deadline
https://t.co/Zcj2TucDgk https://t.co/7ljUW…",Reliance,NULL,NULL,"2017-03-26 07:43:34",1490808307
jollymampilly,"Reliance Jio Prime membership deadline may get extended by a month: Report  https://t.co/CWIm0CYrrK",Reliance,NULL,NULL,"2017-03-26 07:37:50",1490808307
financiallynumb,"Waiting anxiously for UNESCO to announce Reliance Jio jingle as the best jingle in the world.",Reliance,NULL,NULL,"2017-03-26 07:36:06",1490808307
FinancialXpress,"Good news for #RelianceJio subscribers, telco set to extend #Prime deadline
https://t.co/Zcj2TucDgk https://t.co/7ljUWtVv2g",Reliance,NULL,NULL,"2017-03-26 07:35:51",1490808307
1952vijayan1,"RT @JantaKaReporter: Sebi bans Mukesh Ambani's Reliance Industries from equity derivatives trading for 1 year https://t.co/eJzPvEsqLb",Reliance,NULL,NULL,"2017-03-26 07:34:38",1490808307
MindTheNews,"RT @FeignShourie: Reliance Industries fraud &amp; RIL drives Indian policy making! Modi doesn't move an inch without approval of Mukesh!
 https…",Reliance,NULL,NULL,"2017-03-26 07:29:44",1490808308
OptionsTip,"New post: Post Sebi ban in derivative trade, Reliance Industries stock is under investor radar https://t.co/jEpA8wA9PC",Reliance,NULL,NULL,"2017-03-26 07:28:37",1490808308
PencyS,"RT @Ajitkumar_Kanan: Reliance always in news for cheating: https://t.co/6V1BwVp572",Reliance,NULL,NULL,"2017-03-26 07:28:08",1490808308
techtocloud,"New post (Reliance Jio Prime Plan Offers 120GB ‘Free’ Data: How It Works) has been published on TechToCloud -… https://t.co/n1wTEGCwtJ",Reliance,NULL,NULL,"2017-03-26 07:27:37",1490808308
OptionsTip,"New post: Sebi passes Rs 447-cr disgorgement order against Reliance Industries https://t.co/rH1yV0KsSm",Reliance,NULL,NULL,"2017-03-26 07:25:32",1490808308
OptionsTip,"New post: Explained: Reliance Industries' unlawful gains case https://t.co/owhhkkOa31",Reliance,NULL,NULL,"2017-03-26 07:25:28",1490808308
OptionsTip,"New post: Explained: Reliance Industries' unlawful gains case https://t.co/xQ5aOHUp87",Reliance,NULL,NULL,"2017-03-26 07:25:25",1490808308
OptionsTip,"New post: Sebi bans Reliance Industries from equity derivatives market for a year https://t.co/EeD0xFMsTf",Reliance,NULL,NULL,"2017-03-26 07:24:30",1490808308
grumpeoldman,"RT @IndiaCorpLaw: Explained: Reliance Industries' unlawful gains case https://t.co/hSwB8k6HQi",Reliance,NULL,NULL,"2017-03-26 07:22:59",1490808308
DtNaMeH,"RT @sundarbandar: RIL modus operandi explained https://t.co/7vwalFymNz @bsindia @bshindi",Reliance,NULL,NULL,"2017-03-26 07:19:49",1490808312
grumpeoldman,"RT @sundarbandar: RIL modus operandi explained https://t.co/7vwalFymNz @bsindia @bshindi",Reliance,NULL,NULL,"2017-03-26 07:18:19",1490808312
Prabhakarup1,"RT @FeignShourie: Reliance Industries fraud &amp; RIL drives Indian policy making! Modi doesn't move an inch without approval of Mukesh!
 https…",Reliance,NULL,NULL,"2017-03-26 07:17:01",1490808312
SwachhPolitics,"After Reliance Jio, BSNL is offering free data – but there's a catch https://t.co/LKCHNfusrq",Reliance,NULL,NULL,"2017-03-26 07:15:15",1490808312
vickyrajput80,"I liked a @YouTube video https://t.co/S0jPYEnGbs HOW TO INCREASE RELIANCE JIO SPEED IN PC 2016-17",Reliance,NULL,NULL,"2017-03-26 07:14:46",1490808312
marketcalls_,"Raising Ethical Concerns are not part of journalism these days.    https://t.co/t2w1qOxVeL",Reliance,NULL,NULL,"2017-03-26 07:12:38",1490808312
imdeb76,"#jiojeebharke Over 80 Percent Reliance Jio Users to be Active Post Free Offers: Survey https://t.co/eISE2BT9O9 @reliancejio",Reliance,NULL,NULL,"2017-03-26 07:12:37",1490808312
SaurabhTiwari_,"RT @rishibagree: Bad time for Reliance Industries

To pay 1000 cr fine (447cr +interest)
Ban from F&amp;O for 1Yr

Did anyone said Suit-Boot go…",Reliance,NULL,NULL,"2017-03-26 07:12:21",1490808312
drchatterjee,"RT @AshokAkaybee: All that you needed to know why mere disgorgement was not enough. Penalty too was called for. @bsindia https://t.co/htYm1…",Reliance,NULL,NULL,"2017-03-26 07:11:09",1490808312
rajeshmk,"RT @AshokAkaybee: All that you needed to know why mere disgorgement was not enough. Penalty too was called for. @bsindia https://t.co/htYm1…",Reliance,NULL,NULL,"2017-03-26 07:09:31",1490808312
celebenews,"Reliance Jio Prime subscription tipped to be extended; all you need to know https://t.co/n74TxWT2xH https://t.co/EPZdkB4Bam",Reliance,NULL,NULL,"2017-03-26 07:09:16",1490808312
shalindesai2006,"RT @beastoftraal: Day 54: From @livemint, by @tamalbandyo on negative option banking (https://t.co/SBYbLQMYEt). Your stand @HDFC_Bank? http…",Reliance,NULL,NULL,"2017-03-26 07:07:43",1490808312
kvnrohit,"#RelianceJioPrime subscription tipped to be extended till April; all you need to know https://t.co/nbSuUT52C6",Reliance,NULL,NULL,"2017-03-26 07:06:10",1490808312
WebstarInfotech,"#webstarInfotech #webdesign #webdevelopment #webdeveloper #mumbai #pune #software #php #seo #android Reliance J... https://t.co/PooHD4x6yT",Reliance,NULL,NULL,"2017-03-26 07:00:31",1490808312
MURTIPUJAK,"RT @thenewsminute: SEBI bans Reliance Industries Ltd from equity trading for a year https://t.co/kLUvcKs6dv https://t.co/4CRyjvrGVg",Reliance,NULL,NULL,"2017-03-26 06:59:33",1490808312
satyam0111,"RT @beastoftraal: Day 54: From @livemint, by @tamalbandyo on negative option banking (https://t.co/SBYbLQMYEt). Your stand @HDFC_Bank? http…",Reliance,NULL,NULL,"2017-03-26 06:57:55",1490808316
mansurimunaf1,"RT @FeignShourie: Reliance Industries fraud &amp; RIL drives Indian policy making! Modi doesn't move an inch without approval of Mukesh!
 https…",Reliance,NULL,NULL,"2017-03-26 06:56:02",1490808316
wanlamsuk,"Trick to Fix Reliance #Jio 4G Voice Offline Problem 
https://t.co/rCeEizvZ9T",Reliance,NULL,NULL,"2017-03-26 06:56:01",1490808316
FastkashmirCom,"Mumbai, March 26: Reliance Jio users will be aware that the Jio Happy New Year Offer will be ending on March 31,... https://t.co/HeSRXy1unc",Reliance,NULL,NULL,"2017-03-26 06:51:44",1490808316
FastkashmirCom,"Reliance Jio Prime Subscription Deadline to Be Extended by a Month?  https://t.co/km0NmNaUcE https://t.co/jcydmj6nNd",Reliance,NULL,NULL,"2017-03-26 06:51:41",1490808316
vishalgaurav79,"Jio Offers Prime Customers Free Data Up To 10 GB On Early Recharge https://t.co/srW2H8MV1G",Reliance,NULL,NULL,"2017-03-26 06:50:53",1490808316
CraigEire,"RT @indian24news: Reliance Jio Prime membership deadline may get extended by a month: Report https://t.co/o1J0JMrSuP #news #Technology http…",Reliance,NULL,NULL,"2017-03-26 06:48:42",1490808316
mataji_mataji,"RT @AshokAkaybee: All that you needed to know why mere disgorgement was not enough. Penalty too was called for. @bsindia https://t.co/htYm1…",Reliance,NULL,NULL,"2017-03-26 06:47:50",1490808316
ranganaathan,"RT @AshokAkaybee: All that you needed to know why mere disgorgement was not enough. Penalty too was called for. @bsindia https://t.co/htYm1…",Reliance,NULL,NULL,"2017-03-26 06:47:26",1490808316
jessica4ever,"Jio Offers Prime Customers Free Data Up To 10 GB On Early Recharge https://t.co/TSi67hkQlc https://t.co/nOoqYsIfSd",Reliance,NULL,NULL,"2017-03-26 06:47:05",1490808316
indian24news,"Reliance Jio Prime membership deadline may get extended by a month: Report https://t.co/o1J0JMrSuP #news #Technology https://t.co/miyQWGRVgX",Reliance,NULL,NULL,"2017-03-26 06:46:02",1490808316
apoorvjain_1988,"RT @beastoftraal: Day 54: From @livemint, by @tamalbandyo on negative option banking (https://t.co/SBYbLQMYEt). Your stand @HDFC_Bank? http…",Reliance,NULL,NULL,"2017-03-26 06:45:14",1490808316
everG3,"RT @AshokAkaybee: All that you needed to know why mere disgorgement was not enough. Penalty too was called for. @bsindia https://t.co/htYm1…",Reliance,NULL,NULL,"2017-03-26 06:45:05",1490808317
tanurajk,"RT @beastoftraal: Day 54: From @livemint, by @tamalbandyo on negative option banking (https://t.co/SBYbLQMYEt). Your stand @HDFC_Bank? http…",Reliance,NULL,NULL,"2017-03-26 06:40:12",1490808317
offersforindia,"Reliance Jio Prime Recharge few days remain Hurry up!! - https://t.co/VcMDKgzmng"" https://t.co/idHy8Mkc3O",Reliance,NULL,NULL,"2017-03-26 06:39:47",1490808317
dushyant_db,"Jio should just scrap this idea of yearly prime membership https://t.co/VriYfjynme",Reliance,NULL,NULL,"2017-03-26 06:39:27",1490808319
snottingcom,"‘Buy one get one’ offer announced for Reliance Jio Prime pre-paid customers https://t.co/uyOsWFMlm3!",Reliance,NULL,NULL,"2017-03-26 06:39:15",1490808319
prashantbalvir,"RT @BloombergQuint: 9-year case ends with SEBI imposing largest ever penalty, of Rs 1,000 crore, on Reliance Industries.
@sajeetkm 
https:/…",Reliance,NULL,NULL,"2017-03-26 06:39:02",1490808319
narendra_modii,"‘Buy one get one’ offer announced for Reliance Jio Prime pre-paid customers https://t.co/wLqgNxFMTw https://t.co/3nbNgty4Pk",Reliance,NULL,NULL,"2017-03-26 06:37:42",1490808319
truevirathindu,"RT @AshokAkaybee: All that you needed to know why mere disgorgement was not enough. Penalty too was called for. @bsindia https://t.co/htYm1…",Reliance,NULL,NULL,"2017-03-26 06:37:26",1490808319
jgopikrishnan70,"RT @AshokAkaybee: All that you needed to know why mere disgorgement was not enough. Penalty too was called for. @bsindia https://t.co/htYm1…",Reliance,NULL,NULL,"2017-03-26 06:37:06",1490808319
bhardwejanuj,"How to Increase Reliance jio speed upto 100 times in Hindi: https://t.co/ODSvcewEzw via @YouTube",Reliance,NULL,NULL,"2017-03-26 06:37:02",1490808320
vyasvijit,"RT @ETTelecom: ETTelecom | Unsatisfactory financial results, launch of Reliance Jio drove consolidation https://t.co/s6shsa6gAK",Reliance,NULL,NULL,"2017-03-26 06:37:01",1490808320
mbihani0710,"RT @AshokAkaybee: All that you needed to know why mere disgorgement was not enough. Penalty too was called for. @bsindia https://t.co/htYm1…",Reliance,NULL,NULL,"2017-03-26 06:36:01",1490808320
gazeshift,"RT @AshokAkaybee: All that you needed to know why mere disgorgement was not enough. Penalty too was called for. @bsindia https://t.co/htYm1…",Reliance,NULL,NULL,"2017-03-26 06:35:39",1490808320
Bhayankur,"RT @AshokAkaybee: All that you needed to know why mere disgorgement was not enough. Penalty too was called for. @bsindia https://t.co/htYm1…",Reliance,NULL,NULL,"2017-03-26 06:34:04",1490808320
rayeshr,"RT @beastoftraal: Day 54: From @livemint, by @tamalbandyo on negative option banking (https://t.co/SBYbLQMYEt). Your stand @HDFC_Bank? http…",Reliance,NULL,NULL,"2017-03-26 06:33:55",1490808320
nistula,"RT @AshokAkaybee: All that you needed to know why mere disgorgement was not enough. Penalty too was called for. @bsindia https://t.co/htYm1…",Reliance,NULL,NULL,"2017-03-26 06:33:30",1490808320
bsindia,"RT @AshokAkaybee: All that you needed to know why mere disgorgement was not enough. Penalty too was called for. @bsindia https://t.co/htYm1…",Reliance,NULL,NULL,"2017-03-26 06:33:09",1490808320
nit_set,"RT @AshokAkaybee: All that you needed to know why mere disgorgement was not enough. Penalty too was called for. @bsindia https://t.co/htYm1…",Reliance,NULL,NULL,"2017-03-26 06:32:46",1490808320
logic,"RT @beastoftraal: Day 54: From @livemint, by @tamalbandyo on negative option banking (https://t.co/SBYbLQMYEt). Your stand @HDFC_Bank? http…",Reliance,NULL,NULL,"2017-03-26 06:31:31",1490808323
AshokAkaybee,"All that you needed to know why mere disgorgement was not enough. Penalty too was called for. @bsindia https://t.co/htYm1ub5f3",Reliance,NULL,NULL,"2017-03-26 06:31:19",1490808323
sudeepm,"RT @beastoftraal: Day 54: From @livemint, by @tamalbandyo on negative option banking (https://t.co/SBYbLQMYEt). Your stand @HDFC_Bank? http…",Reliance,NULL,NULL,"2017-03-26 06:31:10",1490808323
Vlsnse009,"RT @beastoftraal: Day 54: From @livemint, by @tamalbandyo on negative option banking (https://t.co/SBYbLQMYEt). Your stand @HDFC_Bank? http…",Reliance,NULL,NULL,"2017-03-26 06:30:12",1490808323
Rakeshk11193365,"RT @DDNewsLive: #Sebi bans Reliance Industries Ltd #RIL and 12 others from equity derivatives trading for one year  https://t.co/9Wis154yPt",Reliance,NULL,NULL,"2017-03-26 06:29:43",1490808323
Rakeshk11193365,"RT @TimesNow: Reliance Industries Limited to challenge Sebi equity derivatives trading ban. Read the full story here: https://t.co/ST5kHJTP…",Reliance,NULL,NULL,"2017-03-26 06:29:27",1490808323
beastoftraal,"Day 54: From @livemint, by @tamalbandyo on negative option banking (https://t.co/SBYbLQMYEt). Your stand @HDFC_Bank… https://t.co/rtvwtijMnw",Reliance,NULL,NULL,"2017-03-26 06:29:01",1490808323
autoworldmag,"RT @expresstechie: Reliance Jio might be thinking to extend the Prime membership deadline by a month https://t.co/6H3vgGMpEq",Reliance,NULL,NULL,"2017-03-26 06:28:52",1490808323
Wallstreets_edg,"Post Sebi ban in derivative trade, Reliance Industries stock is under investor radar -  https://t.co/CFv9tq9P96 https://t.co/7JM9c5Osf5",Reliance,NULL,NULL,"2017-03-26 06:22:24",1490808323
hisamuddink51,"RT @FeignShourie: Reliance Industries fraud &amp; RIL drives Indian policy making! Modi doesn't move an inch without approval of Mukesh!
 https…",Reliance,NULL,NULL,"2017-03-26 06:19:25",1490808323
paltapas95,"reliance jio true lover: https://t.co/wnboD8ubZz via @YouTube",Reliance,NULL,NULL,"2017-03-26 06:19:16",1490808323
paltapas95,"I added a video to a @YouTube playlist https://t.co/wnboD8ubZz reliance jio true lover",Reliance,NULL,NULL,"2017-03-26 06:19:14",1490808323
everykashmirne,"Reliance Jio Prime membership deadline may get extended by a month: Report https://t.co/L9DD8KPqVl",Reliance,NULL,NULL,"2017-03-26 06:18:57",1490808323
thakurpankaj87,"RT @Gadgets360: Reliance Jio Prime Subscription Deadline to Be Extended by a Month?
https://t.co/t5BNiPRnkZ",Reliance,NULL,NULL,"2017-03-26 06:17:20",1490808323
RockyPoonawala,"Rumba practice ;) #rockypoonawala #rschool #rpower #afrorumba… https://t.co/KrmzlPZE0w",Reliance,NULL,NULL,"2017-03-26 06:13:18",1490808323
changeofindia1,"#RelianceJio May Extend Its #JioPrime Membership Enrolment Deadline https://t.co/PPat8bC0M6",Reliance,NULL,NULL,"2017-03-26 06:11:15",1490808325
muralikumarje,"RT @businessline: No negative reaction expected in Reliance Industries’ shares on Monday

https://t.co/2FWP0HzsXo https://t.co/1fAtrlvfwd",Reliance,NULL,NULL,"2017-03-26 06:05:38",1490808325
dhankor1,"RT @Ashutoshpanig15: Reliance Jio Prime Subscription Deadline to Be Extended by a Month?
https://t.co/29tOtHeElf",Reliance,NULL,NULL,"2017-03-26 06:05:26",1490808325
FuturePost_News,"Reliance #Jio Prime Subscription Deadline to Be ... #India #JioPrimeMembership #JioPrimeOffer #JioPrimePlans… https://t.co/H3WzQbp7Mb",Reliance,NULL,NULL,"2017-03-26 06:02:40",1490808326
Baavree,"RT @FeignShourie: Reliance Industries fraud &amp; RIL drives Indian policy making! Modi doesn't move an inch without approval of Mukesh!
 https…",Reliance,NULL,NULL,"2017-03-26 05:55:18",1490808326
TheEditorNews,"#IESnT Reliance Jio Prime membership deadline may get extended by a month: Report https://t.co/V4phI1uAV2 #technews",Reliance,NULL,NULL,"2017-03-26 05:54:10",1490808326
Shabaz_ali786,"RT @phoneradarblog: Here’s how you can get Reliance Jio Prime Membership for Free

Read More: https://t.co/wxM8s4jmYL https://t.co/CacUewEP…",Reliance,NULL,NULL,"2017-03-26 05:52:31",1490808326
FrostbiteCanada,"Reliance Jio Prime membership deadline may get extended by a month: Report #tech https://t.co/xs3tmZ9WPA https://t.co/7kGpU6M3EJ",Reliance,NULL,NULL,"2017-03-26 05:45:44",1490808326
sainithinrockz1,"Get Jio Prime membershipOffer For Free | Reliance Jio Latest news free | in Telugu Sai Nithin: https://t.co/mpZTDmzjSj via @YouTube",Reliance,NULL,NULL,"2017-03-26 05:42:09",1490808326
GeraMudit,"‘Buy one get one’ offer for Reliance Jio Prime pre-paid customers #Technoingg #techblog #technews #technology #geek https://t.co/aU4jBUjnBu",Reliance,NULL,NULL,"2017-03-26 05:39:40",1490808326
getlucky1967,"RT @sundarbandar: RIL modus operandi explained https://t.co/7vwalFymNz @bsindia @bshindi",Reliance,NULL,NULL,"2017-03-26 05:31:35",1490808326
Dev2Girish,"RT @sundarbandar: RIL modus operandi explained https://t.co/7vwalFymNz @bsindia @bshindi",Reliance,NULL,NULL,"2017-03-26 05:30:57",1490808326
narala_Ratnaker,"RT @NH_India: #RIL to challenge #SEBI ban on equity derivatives trading for 1 year...
https://t.co/TPIgVRQvs2",Reliance,NULL,NULL,"2017-03-26 05:30:23",1490808326
AnilKollam,"Reliance Jio Prime to get one month's extension till April 30? https://t.co/17iFdOPWet",Reliance,NULL,NULL,"2017-03-26 05:29:44",1490808326
MovieMirchi1,"రిలయన్స్ జియో మరో భారీ ఆఫర్ || Reliance Jio to extend offers until next year https://t.co/t1eQuubXgu",Reliance,NULL,NULL,"2017-03-26 05:28:50",1490808326
sa0074in,"RT @FeignShourie: Reliance Industries fraud &amp; RIL drives Indian policy making! Modi doesn't move an inch without approval of Mukesh!
 https…",Reliance,NULL,NULL,"2017-03-26 05:27:49",1490808328
MartiKhabre,"RT @FeignShourie: Reliance Industries fraud &amp; RIL drives Indian policy making! Modi doesn't move an inch without approval of Mukesh!
 https…",Reliance,NULL,NULL,"2017-03-26 05:26:10",1490808328
arabstodayEN,"#India’s Reliance Industries penalized for alleged #fraud
https://t.co/VAtv90Megu
@arabstodayEN",Reliance,NULL,NULL,"2017-03-26 05:23:59",1490808328
NewsBossIndia,"Reliance Jio Prime membership deadline may get extended by a month: Report.. https://t.co/bp0THCMXFk",Reliance,NULL,NULL,"2017-03-26 05:19:53",1490808328
patelharsh1,"https://t.co/vgBSSg43My
Jio to extend time to register for Prime. Pls god do not let that happen. Cannot bear Prime adverts any further..",Reliance,NULL,NULL,"2017-03-26 05:19:51",1490808328
LekhRajX,"RT @phoneradarblog: Reliance Jio Prime BOGO Recharge Offer brings you 4G Data at Rs 8/GB for 1 year. More value for @reliancejio users.

ht…",Reliance,NULL,NULL,"2017-03-26 05:19:23",1490808328
Indian_Technolo,"Reliance Jio Prime membership deadline may get extended by a month: Report https://t.co/bYbSgxhpD5 https://t.co/JhhSkdvmAJ",Reliance,NULL,NULL,"2017-03-26 05:19:06",1490808328
expresstechie,"Reliance Jio might be thinking to extend the Prime membership deadline by a month https://t.co/6H3vgGMpEq",Reliance,NULL,NULL,"2017-03-26 05:15:29",1490808329
madar08,"RT @rishibagree: Bad time for Reliance Industries

To pay 1000 cr fine (447cr +interest)
Ban from F&amp;O for 1Yr

Did anyone said Suit-Boot go…",Reliance,NULL,NULL,"2017-03-26 05:14:43",1490808329
LekhRajX,"RT @phoneradarblog: Here’s how you can get Reliance Jio Prime Membership for Free

Read More: https://t.co/wxM8s4jmYL https://t.co/CacUewEP…",Reliance,NULL,NULL,"2017-03-26 05:14:39",1490808329
Siddharth_MOZ,"RT @IndiaTodayTech: Reliance Jio Prime offer: Here is what will happen to Jio SIM if you are not a Prime member
https://t.co/z1hon9Fji4",Reliance,NULL,NULL,"2017-03-26 05:10:46",1490808329
HostingHubinfo,"RT @WordLinkTECH: Reliance Jio Prime membership deadline may get extended by a month: Report #tech https://t.co/bHBLSkFVeD https://t.co/0iC…",Reliance,NULL,NULL,"2017-03-26 05:09:27",1490808329
WordLinkTECH,"Reliance Jio Prime membership deadline may get extended by a month: Report #tech https://t.co/bHBLSkFVeD https://t.co/0iCkow3rlM",Reliance,NULL,NULL,"2017-03-26 05:09:07",1490808329
zamalshaikh,"RT @FeignShourie: Reliance Industries fraud &amp; RIL drives Indian policy making! Modi doesn't move an inch without approval of Mukesh!
 https…",Reliance,NULL,NULL,"2017-03-26 05:07:09",1490808329
3NovicesHyd,"#3Novices : Reliance Jio Prime membership deadline may get extended by a month: Report March 26, 2017 at 10:25AM https://t.co/5OVrtsdHmy #…",Reliance,NULL,NULL,"2017-03-26 05:03:20",1490808331
RavindraSoni1,"Post Sebi ban in derivative trade, Reliance Industries stock is under investor radar https://t.co/rF6EhVt2Iw https://t.co/SDOZAjTxXV",Reliance,NULL,NULL,"2017-03-26 05:02:30",1490808331
zeovino,"Reliance Jio Prime membership deadline may get extended by a month: Report https://t.co/iagFC9XRue #tech #India",Reliance,NULL,NULL,"2017-03-26 05:01:35",1490808331
businessline,"No negative reaction expected in Reliance Industries’ shares on Monday

https://t.co/2FWP0HzsXo https://t.co/1fAtrlvfwd",Reliance,NULL,NULL,"2017-03-26 05:00:01",1490808331
KONARKDIXITKD,"RT @NH_India: #RIL to challenge #SEBI ban on equity derivatives trading for 1 year...
https://t.co/TPIgVRQvs2",Reliance,NULL,NULL,"2017-03-26 04:58:09",1490808331
UnagK,"RT @sundarbandar: RIL modus operandi explained https://t.co/7vwalFymNz @bsindia @bshindi",Reliance,NULL,NULL,"2017-03-26 04:56:48",1490808331
sriram_ET,"RT @sundarbandar: RIL modus operandi explained https://t.co/7vwalFymNz @bsindia @bshindi",Reliance,NULL,NULL,"2017-03-26 04:56:18",1490808331
TeckMobileInd,"Reliance Jio will mAh extend the Prime Membership Dates to June 30th",Reliance,NULL,NULL,"2017-03-26 04:56:15",1490808331
vtsdas,"RT @EconomicTimes: Sebi imposes 1-year ban on Reliance Industries, 12 others in equity derivatives trading https://t.co/uRKRN8vzym https://…",Reliance,NULL,NULL,"2017-03-26 04:53:25",1490808331
bsindia,"RT @sundarbandar: RIL modus operandi explained https://t.co/7vwalFymNz @bsindia @bshindi",Reliance,NULL,NULL,"2017-03-26 04:50:02",1490808331
ashfame,"RT @FeignShourie: Reliance Industries fraud &amp; RIL drives Indian policy making! Modi doesn't move an inch without approval of Mukesh!
 https…",Reliance,NULL,NULL,"2017-03-26 04:49:15",1490808331
sundarbandar,"RIL modus operandi explained https://t.co/7vwalFymNz @bsindia @bshindi",Reliance,NULL,NULL,"2017-03-26 04:49:12",1490808331
Rithesh_Alimar,"RT @CNNnews18: Nearly 82% of Jio users have expressed their willingness to continue with its services even after free offers ends
https://t…",Reliance,NULL,NULL,"2017-03-26 04:47:44",1490808331
Samya_tweets,"An Indian batsman gets dismissed and you feel bad...The reliance jio add plays immediately afterwards...You feel worse...!!",Reliance,NULL,NULL,"2017-03-26 04:45:12",1490808331
srividya23,"RT @rishibagree: Bad time for Reliance Industries

To pay 1000 cr fine (447cr +interest)
Ban from F&amp;O for 1Yr

Did anyone said Suit-Boot go…",Reliance,NULL,NULL,"2017-03-26 04:44:30",1490808331
balkar_insan,"RT @trendinaliaIN: ⒈ #InspiringHKNKJ
⒉ Running Successfully
⒊ #Ultra2017
⒋ #Obamacare
⒌ Reliance Industries

2017/3/25 08:23 IST https://t.…",Reliance,NULL,NULL,"2017-03-26 04:40:54",1490808333
iindesk,"Reliance Jio Prime Subscription Deadline to Be Extended by a Month?
https://t.co/xw1QJXxeIU",Reliance,NULL,NULL,"2017-03-26 04:39:31",1490808334
jasseys2000,"RT @BloombergQuint: SEBI finds Reliance Industries guilty of fraudulent trade practices and bars it from dealing in the derivatives market…",Reliance,NULL,NULL,"2017-03-26 04:27:59",1490808334
A_Dubeyism,"After #Fogg and Reliance #Jio its time for heatstroksबेटा अब तो लू चलेगी लू।।।",Reliance,NULL,NULL,"2017-03-26 04:16:03",1490808334
shirsekar2016,"RT @FeignShourie: Reliance Industries fraud &amp; RIL drives Indian policy making! Modi doesn't move an inch without approval of Mukesh!
 https…",Reliance,NULL,NULL,"2017-03-26 04:02:25",1490808334
thehansindiaweb,"Reliance Industries To Challenge Sebi Order In RPL Case
https://t.co/nYu6G2Gt9R",Reliance,NULL,NULL,"2017-03-26 04:01:11",1490808334
RowdyRomeo_,"RT @FeignShourie: Reliance Industries fraud &amp; RIL drives Indian policy making! Modi doesn't move an inch without approval of Mukesh!
 https…",Reliance,NULL,NULL,"2017-03-26 03:58:40",1490808334
sharmaanildelhi,"RT @FeignShourie: Reliance Industries fraud &amp; RIL drives Indian policy making! Modi doesn't move an inch without approval of Mukesh!
 https…",Reliance,NULL,NULL,"2017-03-26 03:58:32",1490808334
mdaleembasha,"RT @FeignShourie: Reliance Industries fraud &amp; RIL drives Indian policy making! Modi doesn't move an inch without approval of Mukesh!
 https…",Reliance,NULL,NULL,"2017-03-26 03:55:31",1490808334
MahendraPhysics,"RT @tech2eets: 'Buy one get one' offer announced for @reliancejio Prime pre-paid customers – https://t.co/LSGOWvuihb #Jio #JioPrime #Relian…",Reliance,NULL,NULL,"2017-03-26 03:51:41",1490808334
ormiga,"Sebi bans #Reliance from equity #derivatives 1yr+fine ₹447 crore @12% 10yr
https://t.co/3iPerpG0kn
HA #ambani shorted OWN co. pre stake sals",Reliance,NULL,NULL,"2017-03-26 03:48:11",1490808334
PainoliD,"RT @FeignShourie: Reliance Industries fraud &amp; RIL drives Indian policy making! Modi doesn't move an inch without approval of Mukesh!
 https…",Reliance,NULL,NULL,"2017-03-26 03:47:02",1490808334
madsoraba,"RT @SirJadeja: #SEBI Bans Reliance Industries From Equity Derivatives Market For A Year. Fined For Rs 1000 Cr.

No One's Blaming Modi For I…",Reliance,NULL,NULL,"2017-03-26 03:45:45",1490808334
puthiaraj,"RT @SwarajyaMag: SEBI has barred Reliance Industries from dealing in equity derivatives for a year

https://t.co/ClHFhMLEAV",Reliance,NULL,NULL,"2017-03-26 03:42:01",1490808334
goodstockinvest,"Reliance Industries: Post Sebi ban in derivative trade, Reliance Industries stock is under… https://t.co/OV0p4pSkaX https://t.co/W5ckqz7pqs",Reliance,NULL,NULL,"2017-03-26 03:38:51",1490808334
RobSkalawag,"Reliance Industries Barred From Trading Futures for a Year https://t.co/WCBLRAzEbX via @business",Reliance,NULL,NULL,"2017-03-26 03:35:33",1490808336
drunnits,"RT @FeignShourie: Reliance Industries fraud &amp; RIL drives Indian policy making! Modi doesn't move an inch without approval of Mukesh!
 https…",Reliance,NULL,NULL,"2017-03-26 03:31:16",1490808336
ninadb,"RT @IndiaCorpLaw: Explained: Reliance Industries' unlawful gains case https://t.co/hSwB8k6HQi",Reliance,NULL,NULL,"2017-03-26 03:30:22",1490808336
CoMn3rD311,"After Reliance Jio, BSNL is offering free data – but there's a catch https://t.co/ZGQ5dYhVmf",Reliance,NULL,NULL,"2017-03-26 03:26:46",1490808336
pcg2020,"RT @SirJadeja: #SEBI Bans Reliance Industries From Equity Derivatives Market For A Year. Fined For Rs 1000 Cr.

No One's Blaming Modi For I…",Reliance,NULL,NULL,"2017-03-26 03:25:55",1490808336
CongressFans,"RT @FeignShourie: Reliance Industries fraud &amp; RIL drives Indian policy making! Modi doesn't move an inch without approval of Mukesh!
 https…",Reliance,NULL,NULL,"2017-03-26 03:21:08",1490808336
anuraggarg11,"RT @FeignShourie: Reliance Industries fraud &amp; RIL drives Indian policy making! Modi doesn't move an inch without approval of Mukesh!
 https…",Reliance,NULL,NULL,"2017-03-26 03:16:53",1490808336
teerthraj_dash,"Post Sebi ban in derivative trade, Reliance Industries stock is under investor radar https://t.co/gU9s19aYoM via @economictimes",Reliance,NULL,NULL,"2017-03-26 03:15:04",1490808337
Rahul30851882,"RT @trendinaliaIN: ⒍ Reliance Industries
⒎ Dhaka
⒏ Spain
⒐ Khalid Masood
⒑ Happy Birthday Emraan Hashmi

2017/3/25 02:28 IST #trndnl https:…",Reliance,NULL,NULL,"2017-03-26 03:13:43",1490808337
Anuragrby,"RT @SwarajyaMag: SEBI has barred Reliance Industries from dealing in equity derivatives for a year

https://t.co/ClHFhMLEAV",Reliance,NULL,NULL,"2017-03-26 03:08:40",1490808337
AskAmbedkar,"RT @FeignShourie: Reliance Industries fraud &amp; RIL drives Indian policy making! Modi doesn't move an inch without approval of Mukesh!
 https…",Reliance,NULL,NULL,"2017-03-26 03:05:31",1490808337
5kchandra,"RT @FeignShourie: Reliance Industries fraud &amp; RIL drives Indian policy making! Modi doesn't move an inch without approval of Mukesh!
 https…",Reliance,NULL,NULL,"2017-03-26 03:04:32",1490808337
asivasankar75,"Any action against big boss? https://t.co/vKgZYKD0FU",Reliance,NULL,NULL,"2017-03-26 03:04:07",1490808337
Hema_SK_,"RT @expresstechie: Free add-on @reliancejio data benefits, only if you recharge before March 31
https://t.co/Cuy1OMM5qt",Reliance,NULL,NULL,"2017-03-26 03:00:00",1490808337
abhishekjejani7,"RT @bsindia: Explained: #Reliance Industries' unlawful gains case
https://t.co/AZt2cUdzss https://t.co/XaNxc2lB8y",Reliance,NULL,NULL,"2017-03-26 02:55:50",1490808337
IndiaCorpLaw,"Explained: Reliance Industries' unlawful gains case https://t.co/hSwB8k6HQi",Reliance,NULL,NULL,"2017-03-26 02:55:02",1490808338
Santanu87973603,"Reliance Jio Prime Plan Offers 120GB FREE Data,How It Works!!: https://t.co/FpYRcN0eby via @YouTube",Reliance,NULL,NULL,"2017-03-26 02:51:52",1490808339
PramodSonavane,"RT @FeignShourie: Reliance Industries fraud &amp; RIL drives Indian policy making! Modi doesn't move an inch without approval of Mukesh!
 https…",Reliance,NULL,NULL,"2017-03-26 02:50:48",1490808339
iamabrao,"RT @NDTVProfit: Reliance Industries To Challenge Sebi Order In RPL Case
https://t.co/i4B6BQ9AqR",Reliance,NULL,NULL,"2017-03-26 02:49:31",1490808339
ranavirender,"RT @dna: Reliance Jio Prime to get one month's extension till April 30?  https://t.co/49BKaO95gJ https://t.co/lvPB5R44Ji",Reliance,NULL,NULL,"2017-03-26 02:43:12",1490808339
jayantsjy,"RT @FeignShourie: Reliance Industries fraud &amp; RIL drives Indian policy making! Modi doesn't move an inch without approval of Mukesh!
 https…",Reliance,NULL,NULL,"2017-03-26 02:37:26",1490808339
Time7tide,"Reliance Industries  
Silver Rosra Chronograph Styled Analog Wrist Watch For Men  
 
 160… https://t.co/vrobcL8jQL",Reliance,NULL,NULL,"2017-03-26 02:37:24",1490808339
kamaaaa6,"RT @FeignShourie: Reliance Industries fraud &amp; RIL drives Indian policy making! Modi doesn't move an inch without approval of Mukesh!
 https…",Reliance,NULL,NULL,"2017-03-26 02:36:26",1490808339
austinnoronha,"#Vodafone Creates #India's Biggest Telco, As #Jio Races Ahead https://t.co/FHU38uP105 https://t.co/PXgeeW1F4h",Reliance,NULL,NULL,"2017-03-26 02:33:04",1490808339
Time7tide,"Reliance Industries  
AN6 New Garlic Clamp Garlic Chopper Garlic Crusher Kitchen Tool  
 
 250… https://t.co/77bArV4zGB",Reliance,NULL,NULL,"2017-03-26 02:31:38",1490808339
expresstechie,"Free add-on @reliancejio data benefits, only if you recharge before March 31
https://t.co/Cuy1OMM5qt",Reliance,NULL,NULL,"2017-03-26 02:30:17",1490808339
arun4513,"Post Sebi ban in derivative trade, Reliance Industries stock is under investor radar https://t.co/TT3L23bCpA via @economictimes",Reliance,NULL,NULL,"2017-03-26 02:22:12",1490808339
meghnabasu2,"RT @Gadgets360: Reliance Jio Rivals Added 2.27 Million Subscribers in February: COAI
https://t.co/Ux5JjeE7Kx",Reliance,NULL,NULL,"2017-03-26 02:17:11",1490808339
meghnabasu2,"RT @Gadgets360: New plans let #RelianceJio users enjoy up to 10GB data per month for a whole year instead of just a month https://t.co/3foA…",Reliance,NULL,NULL,"2017-03-26 02:15:58",1490808339
meghnabasu2,"RT @Gadgets360: Reliance Jio Prime Subscription Deadline to Be Extended by a Month?
https://t.co/t5BNiPRnkZ",Reliance,NULL,NULL,"2017-03-26 02:15:32",1490808339
meghnabasu2,"RT @Gadgets360: Here’s #360Daily with all of the day’s top tech stories: https://t.co/ukZXcr1IMM",Reliance,NULL,NULL,"2017-03-26 02:15:28",1490808341
mithu796311,"RT @SwarajyaMag: SEBI has barred Reliance Industries from dealing in equity derivatives for a year

https://t.co/ClHFhMLEAV",Reliance,NULL,NULL,"2017-03-26 02:04:18",1490808341
Gagan9696,"RT @trendinaliaIN: ⒈ #InspiringHKNKJ
⒉ Running Successfully
⒊ #Ultra2017
⒋ #Obamacare
⒌ Reliance Industries

2017/3/25 08:23 IST https://t.…",Reliance,NULL,NULL,"2017-03-26 02:02:28",1490808341
upma23,"RT @SwarajyaMag: SEBI has barred Reliance Industries from dealing in equity derivatives for a year

https://t.co/ClHFhMLEAV",Reliance,NULL,NULL,"2017-03-26 02:00:53",1490808341
mansi_1997,"RT @trendinaliaIN: ⒈ #InspiringHKNKJ
⒉ Running Successfully
⒊ #Ultra2017
⒋ #Obamacare
⒌ Reliance Industries

2017/3/25 08:23 IST https://t.…",Reliance,NULL,NULL,"2017-03-26 02:00:09",1490808341
nviswam,"RT @SwarajyaMag: SEBI has barred Reliance Industries from dealing in equity derivatives for a year

https://t.co/ClHFhMLEAV",Reliance,NULL,NULL,"2017-03-26 01:55:41",1490808341
SwarajyaMag,"SEBI has barred Reliance Industries from dealing in equity derivatives for a year

https://t.co/ClHFhMLEAV",Reliance,NULL,NULL,"2017-03-26 01:55:02",1490808341
NaikLeejesh,"Reliance Jio: Latest offers and tariff details for Prime and non-Prime members https://t.co/0Zgt5IiWZ5 via @FinancialExpress",Reliance,NULL,NULL,"2017-03-26 01:50:56",1490808341
sursmi,"RT @FeignShourie: Reliance Industries fraud &amp; RIL drives Indian policy making! Modi doesn't move an inch without approval of Mukesh!
 https…",Reliance,NULL,NULL,"2017-03-26 01:45:37",1490808342
19sanghviJainam,"RT @rishibagree: Bad time for Reliance Industries

To pay 1000 cr fine (447cr +interest)
Ban from F&amp;O for 1Yr

Did anyone said Suit-Boot go…",Reliance,NULL,NULL,"2017-03-26 01:29:41",1490808342
go_mohan,"Why has SEBI imposed a penalty and ban on Reliance Industries for derivatives trading ?",Reliance,NULL,NULL,"2017-03-26 01:29:28",1490808342
OptionsTip,"New post: Sebi bans Reliance Industries, 12 others from equity derivative market for 1 year https://t.co/KySLX4w2n6",Reliance,NULL,NULL,"2017-03-26 01:27:47",1490808342
OptionsTip,"New post: Post Sebi ban in derivative trade, Reliance Industries stock is under investor radar https://t.co/HknW7lUaHD",Reliance,NULL,NULL,"2017-03-26 01:27:30",1490808342
iSubbaLakshmi,"Reliance Industries to challenge SEBI ban https://t.co/WROoECxSmv",Reliance,NULL,NULL,"2017-03-26 01:26:18",1490808342
OptionsTip,"New post: Post Sebi ban in derivative trade, Reliance Industries stock is under investor radar https://t.co/o0CUqIPHYs",Reliance,NULL,NULL,"2017-03-26 01:25:47",1490808342
OptionsTip,"New post: Sebi passes Rs 447-cr disgorgement order against Reliance Industries https://t.co/gSrrvVQ7Cv",Reliance,NULL,NULL,"2017-03-26 01:25:00",1490808343
OptionsTip,"New post: Explained: Reliance Industries' unlawful gains case https://t.co/y4GxOBAzqP",Reliance,NULL,NULL,"2017-03-26 01:24:54",1490808344
OptionsTip,"New post: Explained: Reliance Industries' unlawful gains case https://t.co/p40hw37aD1",Reliance,NULL,NULL,"2017-03-26 01:24:50",1490808344
OptionsTip,"New post: Sebi bans Reliance Industries from equity derivatives market for a year https://t.co/7ClKVxZ9fJ",Reliance,NULL,NULL,"2017-03-26 01:23:48",1490808344
varun18vijay,"RT @thenewsminute: SEBI bans Reliance Industries Ltd from equity derivatives trading for a year  https://t.co/kLUvcKauOV https://t.co/ShtZ1…",Reliance,NULL,NULL,"2017-03-26 01:04:10",1490808344
investoroffshor,"Reliance Industries barred from trading futures for a year https://t.co/uSw4ZQlsth",Reliance,NULL,NULL,"2017-03-26 00:45:50",1490808344
offshoretraders,"Reliance Industries barred from trading futures for a year https://t.co/qWwx31kno5",Reliance,NULL,NULL,"2017-03-26 00:45:50",1490808344
investoffshore,"Reliance Industries barred from trading futures for a year https://t.co/Qlp1EKeZ1j",Reliance,NULL,NULL,"2017-03-26 00:45:50",1490808344
offshorebrokers,"Reliance Industries barred from trading futures for a year https://t.co/SlLZXfFjtB",Reliance,NULL,NULL,"2017-03-26 00:45:50",1490808344
SpiderSoftIn,"Post Sebi ban in derivative trade, Reliance Industries stock is under investor radar https://t.co/u2NhMOxJFJ",Reliance,NULL,NULL,"2017-03-26 00:35:36",1490808344
edrodven,"Should Indian regulator findings on manipulation by Reliance trigger US review by @CFTC ?- https://t.co/7x77N4CEJE #global #energy #market",Reliance,NULL,NULL,"2017-03-26 00:24:29",1490808344
RaajnathSing,"RT @FeignShourie: Reliance Industries fraud &amp; RIL drives Indian policy making! Modi doesn't move an inch without approval of Mukesh!
 https…",Reliance,NULL,NULL,"2017-03-26 00:21:20",1490808344
PetroFirstEnrgy,"Reliance Industries to challenge Sebi order in RPL insider trading case... https://t.co/P8LsOX7UJY",Reliance,NULL,NULL,"2017-03-26 00:17:53",1490808344
murugesshanmuga,"Post Sebi ban in derivative trade, Reliance Industries stock is under investor radar https://t.co/GTKOHqg2EG via @economictimes",Reliance,NULL,NULL,"2017-03-26 00:17:10",1490808344
NewsBossIndia,"Explained: Reliance Industries' unlawful gains case.. https://t.co/UGPbMC65hX",Reliance,NULL,NULL,"2017-03-26 00:04:04",1490808344
gamerk1ng,"India's Reliance Industries penalized for alleged fraud - India's markets regulator has barred Indian conglomer... https://t.co/4Wrxw5rNkP",Reliance,NULL,NULL,"2017-03-26 00:03:12",1490808345
sharebossindia,"Explained: Reliance Industries' unlawful gains case.. https://t.co/qhH3JI0IHn",Reliance,NULL,NULL,"2017-03-26 00:01:36",1490808345
